Day_ID,Seasonality_Index,Ad_Spend,Revenue
1,0.3745401188473625,89.23102189406879,304.0190445851569
2,0.9507143064099162,131.71798705389062,580.2981053249499
3,0.7319939418114051,127.00137269120013,464.9586303592917
4,0.5986584841970366,115.9717058725419,476.3567829786119
5,0.15601864044243652,71.19976852355406,256.07843750609715
6,0.15599452033620265,76.40725928916649,217.68270005066262
7,0.05808361216819946,64.14758276230899,204.37018548242742
8,0.8661761457749352,141.20941536977787,549.10227461943
9,0.6011150117432088,109.40984405973441,454.0245049251397
10,0.7080725777960455,104.19764844444464,508.9317593861749
11,0.020584494295802447,56.354631620906105,134.45212163072756
12,0.9699098521619943,149.06786208783052,618.0255311547667
13,0.8324426408004217,135.9600524519959,548.8688870511211
14,0.21233911067827616,58.466425309624526,271.54157346143364
15,0.18182496720710062,57.37193131662744,247.00128598420204
16,0.18340450985343382,78.87197951867242,250.77024228187415
17,0.3042422429595377,80.02867275738721,301.7440639539436
18,0.5247564316322378,109.29065013695003,397.4821289909917
19,0.43194501864211576,93.47768562551619,402.080248188867
20,0.2912291401980419,79.42047541476165,307.1388046417133
21,0.6118528947223795,120.56812753199792,521.443780287301
22,0.13949386065204183,58.78893878303044,228.2117419557196
23,0.29214464853521815,80.17567262293166,286.65470048764905
24,0.3663618432936917,82.01343144231875,287.5172683732008
25,0.45606998421703593,91.26203614738044,319.6198591985031
26,0.7851759613930136,125.42587490461497,476.1675224846619
27,0.19967378215835974,72.18871593217311,276.1990080761121
28,0.5142344384136116,96.63595762472639,414.48601865807103
29,0.5924145688620425,121.79901814193946,412.98717681055797
30,0.046450412719997725,45.698968249804736,209.33472561298987
31,0.6075448519014384,108.88576874853025,431.10027714272366
32,0.17052412368729153,62.6551017859874,249.54368014473502
33,0.06505159298527952,70.97493814206528,274.3445039563445
34,0.9488855372533332,146.8541014904491,631.8519928876395
35,0.9656320330745594,156.88164870214226,616.9561635384063
36,0.8083973481164611,115.98413108127639,489.75963429439423
37,0.3046137691733707,83.13187957602966,251.52748807617658
38,0.09767211400638387,68.66351935687275,210.72231365995168
39,0.6842330265121569,119.24614254396994,477.8052146047712
40,0.4401524937396013,104.67005312461364,359.4354419942653
41,0.12203823484477883,57.03093898347416,218.22016991587574
42,0.4951769101112702,113.61116541298283,421.2753776416184
43,0.034388521115218396,76.42783334771434,218.21262690189468
44,0.9093204020787821,137.30365460348162,559.2515251041533
45,0.2587799816000169,71.42297294599398,289.8280940579979
46,0.662522284353982,130.7860732065752,508.19401460313964
47,0.31171107608941095,96.96682906624822,306.2515941029102
48,0.5200680211778108,96.7782018462484,443.51568051510395
49,0.5467102793432796,100.46915976336939,411.7591794795101
50,0.18485445552552704,65.66759946394764,254.523224541925
51,0.9695846277645586,133.5139576661131,612.3927575262339
52,0.7751328233611146,118.32676287126948,517.0264752531436
53,0.9394989415641891,133.90848648889823,611.3065112200015
54,0.8948273504276488,131.8047593917236,574.7690691719348
55,0.5978999788110851,109.4431490072407,425.1615959149734
56,0.9218742350231168,144.52957082767688,604.2017325046334
57,0.0884925020519195,74.35425513333271,203.7673470959551
58,0.1959828624191452,59.614745834526616,251.47376865082916
59,0.045227288910538066,64.36595287581964,209.12021626755708
60,0.32533033076326434,80.39314463407135,311.9453104619101
61,0.388677289689482,88.37309187242387,345.30669937231244
62,0.2713490317738959,83.88309809905563,250.773885315823
63,0.8287375091519293,121.64653069956995,514.6293015627049
64,0.3567533266935893,89.49943013119945,344.06049023910936
65,0.28093450968738076,79.75797305086863,308.71300424243924
66,0.5426960831582485,109.19412095590634,395.76975215355526
67,0.14092422497476265,66.98410893655445,280.7246661232015
68,0.8021969807540397,154.77269947451293,546.8328979915462
69,0.07455064367977082,51.07766452546392,228.06540590792923
70,0.9868869366005173,143.37872411003357,623.9499980013561
71,0.7722447692966574,120.9930716654181,493.77621899181037
72,0.1987156815341724,64.3167969618147,309.34922668125915
73,0.005522117123602399,44.17834043929506,132.1150408433289
74,0.8154614284548342,143.43630815655894,587.3675159795888
75,0.7068573438476171,134.89077686466027,544.4108379925649
76,0.7290071680409873,117.19325386660397,474.3734249399028
77,0.7712703466859457,118.80347893755228,551.360281414042
78,0.07404465173409036,62.118620737273076,207.88993118816813
79,0.3584657285442726,80.32434241161754,336.6870410591038
80,0.11586905952512971,67.91622413006807,244.44470921577764
81,0.8631034258755935,138.33957279607233,562.4111247126701
82,0.6232981268275579,97.17237153278349,457.0722435422361
83,0.3308980248526492,98.56485449856554,370.92135082020945
84,0.06355835028602363,74.31461175955758,178.08346352799802
85,0.3109823217156622,74.97034526672236,344.88042170112675
86,0.32518332202674705,78.64131660331488,265.6422118719262
87,0.7296061783380641,125.81927174105546,538.587147243252
88,0.6375574713552131,117.10031503539157,500.7188680644788
89,0.8872127425763265,145.30671698436097,551.3949053429835
90,0.4722149251619493,117.32353790385842,405.32535576573486
91,0.1195942459383017,60.18995231888968,192.99206220524695
92,0.713244787222995,113.34150627691497,477.5380646736089
93,0.7607850486168974,112.28531258154446,487.4224549318137
94,0.5612771975694962,98.81841935753044,440.0006042752247
95,0.770967179954561,126.76544826671814,560.7475887700338
96,0.49379559636439074,117.32513827161695,465.99690064044137
97,0.5227328293819941,97.09716994783768,385.60056293900567
98,0.42754101835854963,94.99198135224394,364.47362132359495
99,0.02541912674409519,52.377683713681996,135.68911782712306
100,0.10789142699330445,72.67307543381128,217.20093925382258
101,0.03142918568673425,78.41224282740964,255.99266894005848
102,0.6364104112637804,108.33235339717484,501.88913818134336
103,0.3143559810763267,76.54120368245044,272.088133690176
104,0.5085706911647028,111.298677887161,401.7452964055655
105,0.907566473926093,147.57556228887242,592.8411129023686
106,0.24929222914887494,93.39629617224783,323.2869477676224
107,0.41038292303562973,96.8775741568226,344.1431325482734
108,0.7555511385430487,121.96219294643427,522.3304623164887
109,0.22879816549162246,78.78636485608534,272.6038165194872
110,0.07697990982879299,68.78502678870838,225.8379450053521
111,0.289751452913768,87.17996710335045,334.08391396926703
112,0.16122128725400442,71.19486903647342,255.3513578252396
113,0.9296976523425731,153.63651213014884,596.2724871821982
114,0.808120379564417,142.50499386089845,552.9053105428977
115,0.6334037565104235,127.1619655614176,478.11318651909335
116,0.8714605901877177,143.63315789466822,565.7875830018539
117,0.8036720768991145,128.6960268867429,526.3817815198356
118,0.18657005888603584,70.1241427529368,309.1166469103575
119,0.8925589984899778,151.32098951408136,611.5767672563526
120,0.5393422419156507,95.76486748169272,396.5855642563595
121,0.8074401551640625,134.43074860513525,564.7868015922436
122,0.8960912999234932,135.67574186907572,562.3264180879812
123,0.3180034749718639,82.08779572653455,353.72647520896027
124,0.11005192452767676,73.78971107884067,254.78940974250685
125,0.22793516254194168,74.70450693439321,277.2182448440455
126,0.4271077886262563,93.17514434418712,381.3265608784659
127,0.8180147659224931,118.20291518245013,475.5825179883681
128,0.8607305832563434,143.53559398590656,539.7195418884688
129,0.006952130531190703,57.15005486452982,151.99297126418028
130,0.5107473025775657,122.70727749081118,441.5733998523977
131,0.417411003148779,88.66331796534789,410.1937278772083
132,0.22210781047073025,74.40228432371242,345.1747740125667
133,0.1198653673336828,64.48037357047583,251.8217035990413
134,0.33761517140362796,99.53604993799755,365.61396057641844
135,0.9429097039125192,143.33801506738237,543.8482017502472
136,0.32320293202075523,85.11050845977893,308.3464283038743
137,0.5187906217433661,107.958027271502,393.9407148730156
138,0.7030189588951778,122.16798712108137,475.53224040264195
139,0.363629602379294,81.89862409242411,326.89250229488067
140,0.9717820827209607,149.11910820107914,601.0505697869932
141,0.9624472949421112,156.98104699280884,564.826764660573
142,0.25178229582536416,64.91307658842581,295.34161131377397
143,0.49724850589238545,101.05454733070731,368.5740819915824
144,0.30087830981676966,73.08662283228524,307.07083311679327
145,0.2848404943774676,90.43451572699519,383.3264019962323
146,0.036886947354532795,38.456825687615535,141.16978499019044
147,0.6095643339798968,105.3672149252738,365.01149689948977
148,0.5026790232288615,104.04002107353136,398.2836119225522
149,0.05147875124998935,70.80311541734234,254.67708755096746
150,0.27864646423661144,77.20714381293126,358.15507861699814
151,0.9082658859666537,135.2745933297334,538.5051679510237
152,0.23956189066697242,92.76775976110315,325.9211835388421
153,0.1448948720912231,50.00934820495986,204.52317023140515
154,0.489452760277563,76.95721646155549,359.093202146478
155,0.9856504541106007,152.96518991159337,704.4732215110813
156,0.2420552715115004,69.18498490762393,231.30494896303142
157,0.6721355474058786,107.00122656928072,469.75469392052185
158,0.7616196153287176,133.2455260058653,542.3849687603763
159,0.23763754399239967,76.20176153695196,318.1674952513283
160,0.7282163486118596,117.18084855381868,497.17567201841274
161,0.3677831327192532,73.97526928521638,330.5393599287236
162,0.6323058305935795,121.95515634215938,460.8750266686592
163,0.6335297107608947,119.85498285567607,477.9151957491357
164,0.5357746840747585,102.58570976968203,404.31520161202826
165,0.0902897700544083,77.49534696591749,261.9771081608802
166,0.835302495589238,122.82940189566227,523.7465414389558
167,0.32078006497173583,66.8227547879262,307.78116349047565
168,0.18651851039985423,61.73277034117297,247.6768242211664
169,0.040775141554763916,53.62165399192141,226.44653097747636
170,0.5908929431882418,111.5226888120511,443.0101044668946
171,0.6775643618422824,115.34407560566494,423.09444791497566
172,0.016587828927856152,55.17933685792858,225.6029989866695
173,0.512093058299281,88.69391158802365,359.49681584594117
174,0.22649577519793795,87.08722356052638,278.9665777407064
175,0.6451727904094499,113.6957672570193,446.22564918705916
176,0.17436642900499144,78.60960121638043,311.4574733211926
177,0.690937738102466,122.52102727402362,426.99263592241437
178,0.3867353463005374,93.24106682159157,450.0146601323484
179,0.9367299887367345,149.3706716759955,636.7567084069951
180,0.13752094414599325,68.22918001477248,250.29722068983148
181,0.3410663510502585,90.53386270370129,336.4738793521409
182,0.11347352124058907,74.63887742538321,254.56699475598126
183,0.9246936182785628,144.43457352487098,609.6936186222555
184,0.877339353380981,144.82397291398323,599.7942329637708
185,0.2579416277151556,74.8968058286433,306.39583103761504
186,0.659984046034179,130.39957675791263,496.2819993847801
187,0.8172222002012158,124.9582969995289,526.6839529504383
188,0.5552008115994623,123.5294854890544,447.3162732038149
189,0.5296505783560065,102.5634783291572,406.89314258995734
190,0.24185229090045168,59.87747806886469,296.3850072794445
191,0.09310276780589921,60.591320929697815,236.62451340474234
192,0.8972157579533268,132.91105922058387,480.31965717694544
193,0.9004180571633305,148.44824120622027,612.4748022542224
194,0.6331014572732679,106.78390593430288,455.94838192499793
195,0.3390297910487007,79.44114477272227,320.3093917803167
196,0.3492095746126609,66.02555015181078,292.14564401884786
197,0.7259556788702394,118.07250469453317,528.618842302452
198,0.8971102599525771,115.47223272896817,570.7672209429112
199,0.8870864242651173,122.8696141916545,527.2440185323087
200,0.7798755458576239,135.59170114720536,549.5617840918312
201,0.6420316461542878,122.0611662019371,446.55154111295343
202,0.08413996499504883,62.66857211735453,177.85630273087853
203,0.16162871409461377,56.493109978169244,214.42676245793905
204,0.8985541885270792,139.37830529128814,604.5055186665387
205,0.6064290596595899,110.60688057505331,476.4327901217396
206,0.009197051616629648,39.33605826973754,177.15576549251398
207,0.1014715428660321,75.18113730427471,264.9660424216616
208,0.6635017691080558,125.1237998165623,502.22157907070897
209,0.005061583846218687,48.29651664632523,154.71880226666488
210,0.16080805141749865,66.34966353169517,260.7245870630106
211,0.5487337893665861,106.95720701613413,449.0682330910075
212,0.6918951976926933,98.77217108502641,478.35555582975485
213,0.6519612595026005,112.72435212505408,500.34230718260056
214,0.22426930946055978,65.60708846607798,286.9405409533168
215,0.7121792213475359,111.20172203580444,490.9997956842149
216,0.23724908749680007,70.91390582082046,309.65009212976355
217,0.3253996981592677,100.51683508442201,347.59952429694147
218,0.7464914051180241,131.0575691244725,494.0775356852845
219,0.6496328990472147,109.2515000068935,453.8751108061918
220,0.8492234104941779,140.6481688629794,543.392197098529
221,0.6576128923003434,129.75484359589436,471.6607848347131
222,0.5683086033354716,116.07719716267485,440.27281662318825
223,0.09367476782809248,59.96378048201099,194.27550344144538
224,0.3677158030594335,80.30221252888762,321.5292138219903
225,0.26520236768172545,83.50246990430844,248.00597515236672
226,0.24398964337908358,78.33381819212585,297.096431523102
227,0.9730105547524456,156.25298767552187,626.3188121998832
228,0.3930977246667604,95.66149048349573,336.908894193226
229,0.8920465551771133,149.70018267090467,611.9416106124631
230,0.6311386259972629,107.7615104841206,479.1109576541565
231,0.7948113035416484,142.65507101050812,504.1992016471876
232,0.5026370931051921,102.2397053574432,381.268942610736
233,0.5769038846263591,128.44299718888857,442.6613906776217
234,0.4925176938188639,92.35989120099072,358.09805191387926
235,0.1952429877980445,86.88393681145695,313.7830468145512
236,0.7224521152615053,124.224319360777,497.25732945643296
237,0.2807723624408558,71.5630562079411,283.64084780485007
238,0.02431596643145384,47.592738302602164,118.5680264511368
239,0.6454722959071678,111.34375650877358,479.71986444158756
240,0.17711067940704894,71.95272740472406,223.8845430835966
241,0.9404585843529143,149.27421331564645,607.8468741873338
242,0.9539285770025874,139.65585766087295,603.9836677308314
243,0.9148643902204485,141.24289309943504,627.1434145904467
244,0.3701587002554444,108.43857361166309,334.44085852055457
245,0.015456616528867428,68.82109335389386,117.28326031487627
246,0.9283185625877254,147.19509295551285,604.8036945521977
247,0.42818414831731433,93.19844961341343,422.26825436064007
248,0.9666548190436696,147.8657951715496,648.9635290586083
249,0.9636199770892528,152.49717743622946,624.1215417393588
250,0.8530094554673601,125.07301989475194,528.7632809133745
251,0.2944488920695857,76.87112383272512,327.8550312690827
252,0.38509772860192526,71.82393212141663,294.0588307715684
253,0.8511366715168569,139.10589837773847,578.2905821023513
254,0.31692200515627766,88.16415991265518,342.48694619086484
255,0.1694927466860925,62.11741004561551,275.8302362992174
256,0.5568012624583502,121.41999387873534,531.9601707229405
257,0.936154774160781,131.35782078605467,589.6556424426793
258,0.696029796674973,104.95923086539909,450.97887652936555
259,0.570061170089365,109.25063519453622,434.127074452854
260,0.09717649377076854,70.1886324031984,181.3636195893546
261,0.6150072266991697,128.33999958449564,456.1707734538227
262,0.9900538501042633,144.41654238173692,601.3624954604912
263,0.14008401523652403,74.79520985796535,238.49536741986745
264,0.5183296523637367,101.4478805413666,412.24136268218257
265,0.8773730719279554,136.01103419338733,542.5558748970016
266,0.7407686177542044,132.91346115028716,555.2316970714262
267,0.697015740995268,126.22480288366098,498.4481385716178
268,0.7024840839871093,104.48448682886843,467.19294580527696
269,0.35949115121975517,100.71451861923448,349.0822817993907
270,0.29359184426449336,93.16009796792385,332.47342074700316
271,0.8093611554785136,124.68048853275606,554.5820273827171
272,0.8101133946791808,134.96937480229218,519.4741741358655
273,0.8670723185801037,141.64753372083777,552.8495014830299
274,0.9132405525564713,143.9307929138862,580.7565742744707
275,0.5113423988609378,95.63118834763958,356.4733744755443
276,0.5015162946871996,93.43539578933945,366.0302462985241
277,0.7982951789667752,129.57397718676307,519.5628932638374
278,0.6499639307777652,126.72368327037016,511.30637956026663
279,0.7019668772577033,125.63268927171465,506.9159369549407
280,0.795792669436101,125.87312362274903,533.3551836059802
281,0.8900053418175663,146.71752128824008,612.6048233426692
282,0.3379951568515358,55.31408947885282,280.24852762175806
283,0.375582952639944,99.04595226771545,372.95775969142306
284,0.093981939840869,42.00105619630591,188.09951365874468
285,0.578280140996174,104.20360468558609,437.7503198092202
286,0.035942273796742086,42.39752843341277,156.8962150607943
287,0.46559801813246016,83.61298705603697,291.93437127550067
288,0.5426446347075766,115.87273134454286,432.5741125634982
289,0.2865412521282844,73.97711319970952,339.6104895210478
290,0.5908332605690108,112.54836487420823,473.85898754926336
291,0.03050024993904943,52.5808192051131,216.98322832711958
292,0.03734818874921442,58.50522714715266,236.04621899967987
293,0.8226005606596583,133.02827497656838,548.9823083915932
294,0.3601906414112629,73.18914189924058,323.76037649440764
295,0.12706051265188478,72.66871945965988,228.59167612202475
296,0.5222432600548044,97.28676017386731,393.1209325964308
297,0.7699935530986108,111.43353632326358,516.6215049076129
298,0.21582102749684318,67.30095114002519,301.8142680741553
299,0.6228904758190003,127.29664548824314,473.6287227076348
300,0.085347464993768,67.03696392051174,212.65400743335564
301,0.0516817211686077,51.681650772782184,193.0428312754535
302,0.531354631568148,99.64288611363052,426.90692110876364
303,0.5406351216101065,100.84716164883682,370.1456344722809
304,0.6374299014982066,134.51046998542907,424.10924683348844
305,0.7260913337226615,126.42848789458169,490.9540264739235
306,0.9758520794625346,151.88562441816416,583.9626876885818
307,0.5163003483011953,111.93286937043797,407.54520261659627
308,0.32295647294124596,84.68353888438973,319.47884064443423
309,0.7951861947687037,126.92819801866332,515.3507031879157
310,0.2708322512620742,75.11972663535764,337.5032913657811
311,0.4389714207056361,93.18112947642297,381.2654633643949
312,0.07845638134226596,57.47341576912818,218.76126884469693
313,0.02535074341545751,59.81136977791555,215.9884920128126
314,0.9626484146779251,146.7843003258655,574.8059813587527
315,0.8359801205122058,140.92441282337634,593.3540090113344
316,0.695974206093698,118.79025480828396,484.7047154444715
317,0.4089529444142699,91.68164634458789,380.3227713583992
318,0.17329432007084578,47.347425161763496,190.85371677269433
319,0.15643704267108605,74.80698101413341,212.528821342044
320,0.25024289816459533,78.48917457543945,317.3433210532886
321,0.5492266647061205,114.90276756920858,448.41443654857454
322,0.7145959227000623,92.49703848806935,426.0627879113974
323,0.6601973767177313,136.9034847195804,477.32454765644917
324,0.27993389694594284,76.59749341304254,332.63945273578975
325,0.9548652806631941,156.56835623369457,585.6297617634804
326,0.7378969166957685,113.39063239832154,540.7352122038918
327,0.5543540525114007,111.56314430176576,406.6323101666328
328,0.6117207462343522,100.63791899169865,453.6248601261052
329,0.4196000624277899,85.72231663582093,344.60493940959884
330,0.24773098950115746,93.91341248878362,333.285038515993
331,0.3559726786512616,83.6904438574927,316.00404931819173
332,0.7578461104643691,127.95893977823414,514.4084556244932
333,0.014393488629755868,60.14002616986313,195.7556611055931
334,0.11607264050691624,66.56408293041767,204.6022928742572
335,0.04600264202175275,56.10445325361104,220.18220284954614
336,0.040728802318970136,57.72249025655927,183.4059690863824
337,0.8554605840110072,159.58021425348346,589.1504991233269
338,0.7036578593800237,119.78959796766651,460.95127352725154
339,0.4741738290873252,99.42837337588219,314.52469902616156
340,0.09783416065100148,70.28996002517627,229.0543553550598
341,0.49161587511683236,110.21684684126308,485.1884954453318
342,0.4734717707805657,109.21748013366037,429.40588007160096
343,0.17320186991001518,73.70748921129336,261.94398339791275
344,0.43385164923797304,81.95511579649246,345.20144358988256
345,0.39850473439737344,106.1847887627483,379.50258024769585
346,0.6158500980522165,100.12155587503477,451.35093668347344
347,0.6350936508676438,116.53571973915471,429.90729040975987
348,0.04530400977204452,46.98764247701087,217.50231748719585
349,0.3746126146264712,86.8198779967172,364.07504084625447
350,0.6258599157142364,115.87361567445845,483.1139699971966
351,0.5031362585800877,103.5271980125115,419.3859467570853
352,0.8564898411883223,139.86819166118508,567.337739579094
353,0.658693631618945,132.00647585248097,515.8036403434096
354,0.1629344270814297,70.82878572328278,272.8779307215944
355,0.07056874740042984,54.6153083871365,192.47236547260297
356,0.6424192782063156,123.88279950351513,461.34192953026036
357,0.026511310541621813,64.54583594340858,207.827835935459
358,0.5857755812734633,96.30147997597639,466.65549889085923
359,0.9402302414249576,149.99702484099433,569.8913974193619
360,0.575474177875879,114.55914521069688,400.4552132062358
361,0.3881699262065219,85.84135758705229,350.1558394796305
362,0.6432882184423532,128.0858899773515,486.64193155441376
363,0.45825289049151663,94.32473317882639,384.1632168468068
364,0.5456167893159349,105.81744346630892,429.7297979314988
365,0.9414648087765252,142.41576263481383,589.3670189461342
366,0.38610263780077425,88.76605425589209,393.67577588213294
367,0.9611905638239142,135.1563055134394,543.0645080630379
368,0.9053506419560637,126.13455536966342,535.9521148979069
369,0.19579113478929644,85.52416411117936,283.92594379908655
370,0.06936130087516545,48.466516604333265,144.21250083442453
371,0.10077800137742665,50.16387664317959,200.20358324503525
372,0.018221825651549728,30.288281429117827,200.74307481098222
373,0.0944429607559284,53.05467859869782,208.54150077370412
374,0.6830067734163568,105.0697794075607,469.42772830780865
375,0.07118864846022899,73.53901644738659,193.86017625397116
376,0.3189756302937613,91.99573392280247,315.1954477311478
377,0.8448753109694546,127.60602764516824,533.6157433488706
378,0.023271935735825866,74.85155162702567,209.72745525859924
379,0.8144684825889358,141.2645031288095,594.6866133200081
380,0.28185477477339993,74.93716364225376,313.69290971715435
381,0.11816482762165625,36.8224256134299,157.33934799853074
382,0.6967371653641506,142.5831422623225,530.2910063556891
383,0.628942846779884,98.99856001035243,452.12734650439734
384,0.877472013527053,121.29321388313639,579.3858960384584
385,0.7350710438038858,133.73280870048498,568.5367467889444
386,0.8034809303848486,154.7456171018776,542.7098790134348
387,0.2820345725713065,92.04618544223584,298.3539245984356
388,0.17743954377972282,73.38304557849588,225.57909573422216
389,0.7506147516408583,131.00901858073868,514.677357590156
390,0.806834739267264,139.21762951452948,564.8676172853634
391,0.9905051420006733,156.63980009793497,661.7312782447774
392,0.4126176769114265,94.07368193083641,362.6172952604069
393,0.37201808579278317,88.24381961879708,334.3757294683852
394,0.7764129607419968,127.01536479520446,527.9996751828679
395,0.34080354025301784,76.54070813663502,291.9978372319572
396,0.9307573256035647,140.26898179168873,652.3168320194458
397,0.8584127518430118,118.91170704234735,487.6615553028828
398,0.42899402737501835,91.91600646955435,372.11443528370876
399,0.7508710677914974,115.20119570764057,558.7713004757992
400,0.7545428740846823,114.41839423631052,498.19444891667047
401,0.10312386883593261,62.11132839512805,218.40298219342702
402,0.9025529066795667,154.17531353140265,591.3054796166612
403,0.5052523724478571,109.70840330480884,410.7265662386981
404,0.8264574661077416,116.94074057454239,564.533804934432
405,0.32004960103061175,72.10867873735779,237.82204107533502
406,0.8955232284962005,148.9600347295022,638.1000316820032
407,0.3892016787341631,79.09529393803322,292.6847299537944
408,0.01083765148029836,48.83743364805959,168.50787603914645
409,0.9053819764192637,146.03871863217188,577.7953382650771
410,0.09128667678613356,49.445223129977,219.21043582392718
411,0.31931363759041487,82.98511882050109,272.3280389513637
412,0.9500619670508049,131.66594175589844,596.3826827315473
413,0.9506071469375561,139.0470382542435,654.4819901612377
414,0.5734378881232861,110.54160815375398,396.9485585298325
415,0.6318372121697993,97.25378388166324,441.12302450174644
416,0.44844552197831977,99.24929957743596,363.54814062575156
417,0.29321077169806453,79.12469918053965,319.42689646601985
418,0.32866454536991596,88.39135408116307,331.76082805519195
419,0.6725184560770384,119.49098694835045,461.7474099743079
420,0.75237452943768,138.87885724350645,548.666813242696
421,0.7915790437258485,130.41014939906393,587.2193805099528
422,0.7896181427945539,124.66775886820285,518.1599673888516
423,0.09120610304869037,60.34358533519187,239.46994718184038
424,0.49442030470258147,104.87501076062202,366.84041881557255
425,0.057558760016644284,56.24447670492147,172.9412517578352
426,0.5495288823237355,105.35880514441237,437.0690607501505
427,0.441530501373377,87.13313325927015,407.6823311569973
428,0.8877041827582998,132.1414091003205,575.1917689415404
429,0.3509150125520787,71.06544853721094,302.4809356557454
430,0.11706701642760586,79.20246907462997,253.90255070292736
431,0.14299168205283586,51.86053585137074,183.17607637381533
432,0.7615106317174722,119.22201119378815,525.4216660965849
433,0.6182180633162611,104.63773367593413,468.89201137848175
434,0.10112267612279024,69.06151138172343,220.36635992442982
435,0.08410680611499743,55.461183828579465,194.32255314458337
436,0.70096913145912,132.57433387264933,517.1285871362714
437,0.07276300636419353,50.54139439398067,184.5394014190112
438,0.8218600592903562,134.97594755127363,547.0379606752426
439,0.7062422271564962,112.27075218305205,543.2704500965224
440,0.08134878064189976,79.58636934192386,236.37341718307584
441,0.08483771408519192,46.60778721822406,184.612790492257
442,0.9866395785011755,151.7621649523878,604.2088668098795
443,0.3742707957561203,93.76484838493302,375.2542704492337
444,0.3706421470668909,91.20220568120406,342.5592274453303
445,0.8127995672575026,129.42708013697316,518.4992992330677
446,0.9472485773838587,143.42665074105162,638.9536702949254
447,0.9860010638228709,149.03822110207818,661.9457409353877
448,0.7533781852589416,123.86779850960927,493.8024463699353
449,0.37625958553091576,97.26474972104067,302.77880170001725
450,0.08350071669866876,80.4553016857804,275.9585782333789
451,0.7771469159274368,122.13977374266534,495.81484061942894
452,0.558404249735805,92.14239517778972,429.4536356623092
453,0.4242220092469763,91.53938044118507,305.47255890451544
454,0.906354385094736,166.4325318860168,648.3330335064253
455,0.11119748230615134,53.083002550917826,176.64859063979867
456,0.49262510429085915,115.65367848352659,443.1909725845434
457,0.011353644767419069,67.91237261750632,205.70284439157822
458,0.46866064199412627,91.33018178233267,348.97528268983757
459,0.05630327568183735,61.320158360036494,196.66013085680257
460,0.11881791626807192,78.16575785809258,273.4835653762615
461,0.11752624677710488,57.96134726783561,225.3767285283419
462,0.6492103021160636,112.88522661058273,481.62331996486773
463,0.7460448792654233,118.7876787870559,561.2881994956754
464,0.5833687650971596,98.1893092027873,375.36734498199735
465,0.9621725484745419,139.7244793967941,646.7548608866124
466,0.37487057952370406,75.24765528474784,328.46333490992936
467,0.28571208628186073,78.91204331077833,277.1181694010318
468,0.8685991281894603,129.16018050835962,514.4106004472077
469,0.22359583851945264,74.69744296985273,273.4513042873039
470,0.9632225394406113,130.76329748202485,612.7612114129545
471,0.012154474689816341,54.52424979112621,181.6062434823082
472,0.969878826707639,155.32317228685315,669.2830543499919
473,0.04315991195057611,34.37863476934306,120.98065503764066
474,0.8911431136980711,142.85487706828286,581.262581276464
475,0.5277011090862999,115.04680083336291,393.30873064354074
476,0.9929647961193003,137.20006942501797,614.598499452066
477,0.07379656473539886,74.10538034191693,259.9036616364141
478,0.5538542844013208,109.57561853379252,417.89685931065344
479,0.969302535619099,139.8801350043258,522.4845474934043
480,0.5230978441701488,101.75209364043782,415.5259381155962
481,0.6293986381352625,118.52313293874347,479.70644740069923
482,0.6957486889846172,120.33492281258583,501.35583356311486
483,0.45454106476777323,100.84166640124101,424.69828478685815
484,0.6275580800840634,103.54907207761269,411.45942175216663
485,0.5843143119231002,110.12503943267079,460.88833588944976
486,0.901158010490989,125.97865608004908,595.0906126417096
487,0.04544638034145787,53.43237742065879,140.42485271323002
488,0.2809631895922303,69.05724254457513,297.4643754721011
489,0.9504114840765587,137.6858489817582,576.5268237653747
490,0.8902637838909163,151.387310141196,591.7144201860195
491,0.45565675278571294,106.47877648451399,406.84548506863496
492,0.6201325978015367,118.10464098922544,448.5798839008926
493,0.2773811829811327,66.81499065138748,263.1655984965727
494,0.1881211597237613,65.64803147542811,255.9329676549113
495,0.46369840493998216,108.50081749379007,369.2433695567957
496,0.3533522280260528,86.75239193900433,303.55950244976674
497,0.5836561118508721,131.55890658490415,492.81639192131286
498,0.07773463696498484,61.7066420904422,181.41653317039908
499,0.9743948076661665,149.35997193151698,636.3477752244017
500,0.9862107444796029,145.52990980593526,628.0358268384024
501,0.6981617140197451,121.15158044979734,439.4016830169016
502,0.5360963663441204,102.0849382706066,393.62937773907635
503,0.30952761628632774,88.03384839551867,360.7323395705975
504,0.8137950197069487,140.9465251386407,526.1233276858552
505,0.6847311725538793,110.61322265030844,457.4070578723448
506,0.1626169393448913,52.94936439891135,242.0709551993913
507,0.9109271844938425,122.73066471835128,580.8758677041575
508,0.822537242923169,137.33363756144234,545.2154626377793
509,0.949799913291924,133.94632526745366,567.9341560480085
510,0.72571950838836,101.04304490931118,511.95151573143
511,0.6134151959357899,115.22730563888864,509.0325071529972
512,0.4182430362906189,116.75429880338979,429.97010061572416
513,0.9327284833540133,143.21213922000237,597.1962981131583
514,0.8660638895004084,144.99129669455726,553.0581402427306
515,0.04521867010618941,55.34016059609459,171.66250972930175
516,0.026366974497252005,51.64780091781377,201.057216883869
517,0.3764633668780496,96.83710151768264,370.7466089665994
518,0.8105533307818329,128.1525876362968,577.4428384773879
519,0.9872761293149445,151.40153607221347,642.7986456788876
520,0.15041689110352818,68.25866717231295,202.42065903673335
521,0.5941307153521351,102.73216699878301,463.89589363550266
522,0.3808908566310215,98.00950915846738,331.33970190757515
523,0.9699143978146032,145.24184221450622,597.3179445075698
524,0.8421189231357087,126.65444071864242,550.1233442062271
525,0.8383287047111379,139.1979689068178,620.1655894670871
526,0.4686931597949703,87.88463616158666,465.7324588610319
527,0.4148195023376652,91.76376180745781,380.29318518657175
528,0.27340707193070624,77.2495172266286,292.40049885754314
529,0.056375496650927115,66.4965053234085,232.6925764348074
530,0.8647223762550532,141.21921995430486,597.8752055841884
531,0.8129010091300776,131.03983132555632,530.810020960642
532,0.9997176732861306,158.14943032061592,690.9957881441327
533,0.9966368370739054,163.56575919756366,651.2418126942591
534,0.5554317056026274,111.12127362378138,448.24371478920216
535,0.7689874151805105,127.00226771648487,541.1773536905143
536,0.944765729882428,131.35821066474122,593.1146332802739
537,0.8496473906774115,124.31360243698744,566.5328358727929
538,0.24734810174319766,71.68256313077309,263.2106796227112
539,0.4505441353100935,88.95929150941652,351.8531252387719
540,0.12915941515149498,61.04622848529504,197.31254028424024
541,0.9540510272587224,145.9716019748433,618.3577480584884
542,0.60617463445088,115.91439098865531,479.0920719236103
543,0.22864280550346272,72.15929276975537,290.5649667902285
544,0.6717006844058567,122.03508487884768,534.7976056404547
545,0.6181282404578958,112.45756819389078,453.95694386333355
546,0.3581627180328405,66.06160613974534,326.60347428724555
547,0.11355759219962902,51.96240528177536,179.2598592983723
548,0.6715731955927996,115.7164440020638,463.43363360670355
549,0.5203077009037933,89.93382266196825,411.8591769910637
550,0.7723183917356393,133.23112647352596,557.0152705532751
551,0.5201635011119934,117.3238584346363,423.215829555627
552,0.8521815003185401,147.40576854882718,574.6151253630608
553,0.5519068387744855,103.05625516814646,374.6202219841411
554,0.5609379715353863,121.00105852203814,439.07210321947474
555,0.876653602658345,139.15203483785564,598.4356279598805
556,0.40348286621239704,86.97742691005932,368.7671507120051
557,0.13401522845064073,57.267496209654674,241.12578449111052
558,0.028782676313338973,49.85357076645261,184.90836965910944
559,0.755137255673619,121.63195738194962,509.20100753385543
560,0.6203095513534647,113.73511735910134,436.88590726048807
561,0.7040797680992236,122.01371662042101,515.2093579664746
562,0.21296416150891073,71.32687635242522,283.50875131299273
563,0.13637147558676976,68.00652925614047,257.6818020000256
564,0.014544665667881929,63.36092931465161,183.62374839231458
565,0.350587558806597,94.55429723507294,282.4074258984512
566,0.5899176868546331,94.14278900096429,451.1040709104472
567,0.3922440450997323,63.68519316095367,298.8358795910981
568,0.43747492202372906,103.09069131476565,359.99524065797357
569,0.9041586944937484,126.74708246522063,582.1725994033752
570,0.34825546702330035,82.57789268340319,316.583099934521
571,0.5139894891598108,89.69781865538748,420.54166625242306
572,0.7836530127411431,110.34549689831411,519.124327657115
573,0.39654278232127016,95.06890551417489,382.0732726636577
574,0.6220867002278735,119.80022162581382,425.3476711710667
575,0.8623637087467452,130.47126686740734,590.7743324867265
576,0.9495206236576421,119.04163944431512,571.2561622007811
577,0.14707348092903794,59.24490361037897,221.91108551689373
578,0.9265876251614944,146.5768025701749,602.1431454239782
579,0.4921162930795382,84.42251362021253,320.98160136723067
580,0.25824438829895835,77.6580380276874,306.2199578756387
581,0.4591357562382613,95.76047713209618,350.5002973241605
582,0.980032575285477,153.79617252455859,584.123922797175
583,0.4926180939928696,100.4576130834285,352.8010722364669
584,0.3287516102875082,73.14447161993527,341.7228417658531
585,0.6334008543167258,125.30580044831748,459.10105515671023
586,0.24014561877819307,72.4292661475496,326.6994161522773
587,0.07586332810866392,57.31328741576708,192.65488566468088
588,0.12887972191064923,53.55529260033296,167.77611674590582
589,0.12804583895777244,58.371761383862136,192.4756605646652
590,0.15190269351229435,56.34224221096042,267.15851997033707
591,0.13882717264941014,62.153256665706785,230.2010914552832
592,0.6408747448032146,131.2045592817449,472.6206434688637
593,0.18188008439914483,54.468997010600916,241.06806761122846
594,0.3456672833238632,68.43111435361891,321.40033861261367
595,0.8967884099060118,154.3905442655373,634.1443038471834
596,0.47396164026287235,95.30292725476858,428.5978598578024
597,0.6675577385210272,110.06504646550356,454.57183188089095
598,0.17231987120162984,77.63103399412375,228.3610817692134
599,0.19228901880867078,63.17274648349844,240.0418705341506
600,0.04086861626647886,72.34695876211725,228.58943822060613
601,0.16893506307216455,73.67276502060915,232.27689866624473
602,0.2785903390319586,72.97991982173883,264.33245399534457
603,0.17701048427674682,89.27413056032971,297.3279775700152
604,0.08870253375705561,52.81310414567218,204.3708457985114
605,0.12063587110060081,69.48454083015315,241.40148243775755
606,0.46077876803272577,99.0708026073375,364.0849742798219
607,0.2063337184057925,83.65078473456724,280.4642711974156
608,0.36426986104807546,102.04209807207609,334.61711109448765
609,0.5034172708548569,100.66176857614336,428.7237864544157
610,0.6903948286293653,111.50530415947469,505.4338848697342
611,0.039312139841098936,58.53093541350106,144.20440920543848
612,0.7994103989090426,123.16388619338322,496.68362315701523
613,0.6279003894909078,132.92391142435702,442.86010633110544
614,0.08175903194887191,59.541256505714564,194.3388763110265
615,0.8735786241067772,133.70464689755664,560.1274184846573
616,0.9208724005318132,143.9340431118304,548.6734282363336
617,0.06107795985486375,42.63653309018941,154.62239319798385
618,0.2768776481472037,67.97162442961385,254.90200992613694
619,0.8062012797930613,142.62426705875038,562.0148044080123
620,0.7482596903836584,118.25702624865188,503.9437765991629
621,0.18452101935637732,57.98299210881833,220.67866737002308
622,0.2093493233367103,76.30145985894389,282.56161295361085
623,0.370472102791382,98.90425182576817,343.09760603844893
624,0.4845229851910213,105.6418316257528,395.66998968615405
625,0.618254771530296,121.78595401108775,518.3589251846765
626,0.3689136395697724,79.32341307128263,369.8730430315661
627,0.4625347161331479,82.03536494589635,322.82602515096096
628,0.7474709381337565,139.76043033293053,558.7738994758979
629,0.0366832028905979,50.441521900638435,211.00914035288477
630,0.25243694434402075,72.7353642698516,250.38623104540505
631,0.7133495858845524,134.61690000694583,540.4935550884303
632,0.8952068376871993,145.08298386272654,632.3244846526262
633,0.5116774421156661,105.72662193238268,378.41682134594146
634,0.5321134852653157,124.8613719755424,419.4010189124804
635,0.10717201133977605,54.28201883017617,244.10447565250215
636,0.44741236682345464,104.01963796315783,398.39802631654254
637,0.5326172664550232,103.83185789447315,432.07725503540235
638,0.24247050363472966,76.93297315210553,298.3582873105921
639,0.26924323094938096,92.20900735906342,330.8073579512538
640,0.37728416310462265,92.80677387335851,312.60124589209204
641,0.02007119777772637,57.390080568268964,223.52601138436484
642,0.3220791655831783,92.93298993141586,371.1109343449105
643,0.21144800699654465,67.49527340422561,257.79558988326096
644,0.32749735217791465,74.3576385444014,308.48135497556063
645,0.11976213181925122,51.528121241714786,167.2875963316759
646,0.890527280739895,119.38916218022948,561.6695701728478
647,0.5935924535540487,129.9213166548081,490.12143429985105
648,0.6791023191444896,106.87814825723213,462.1821876192157
649,0.7891712386073383,126.7045876248761,560.5388538156307
650,0.4984421989290573,97.07608689401653,385.1244730903437
651,0.08692028808742369,61.766095786833375,235.66340788328517
652,0.5371065418185478,111.86802630724775,398.34407184567243
653,0.5868411180208791,117.28884668568537,451.27904090856464
654,0.74543947418433,118.71317303274361,496.47097406732934
655,0.4316595462296794,91.49473748510383,373.4992077577878
656,0.12758030279556376,65.58382978443937,225.5640276503274
657,0.28377590579872447,75.89067931803697,295.02461284652276
658,0.3630822963986351,102.38168540006345,387.2786321629308
659,0.6459172413316012,119.50147364954265,459.92445575664783
660,0.5707783046689119,114.42660832738936,394.6760908695972
661,0.35609672589784624,92.23848527645875,397.6742628102046
662,0.9865152487929797,160.38626345415122,677.9775921798354
663,0.6057748193568872,112.38769752272579,411.5461112379863
664,0.23722679173599448,60.75435969404098,282.9908112192157
665,0.10178247262040374,64.1751267795668,211.70818883893102
666,0.15285913918433203,58.772344980514916,241.92087568600377
667,0.24595772838450813,69.30960602095324,286.57845141718707
668,0.16068137325955567,71.9317775135065,249.06984423863676
669,0.18656702405130576,81.03953311946694,254.01643692700029
670,0.2850951686938471,78.72223263674533,282.89566799378434
671,0.17337359529475482,70.42568965546512,230.1648556071868
672,0.8967654246264252,156.6986919089949,579.1229990045066
673,0.08023374566164221,60.43090636104991,212.70113453858687
674,0.5245113895702547,128.46797009882943,428.58257234599796
675,0.4103968269896615,96.6947791552816,388.62277880119944
676,0.9823786169086064,130.63023409930247,635.2763208816135
677,0.11203890216805235,68.73730642785056,219.31603305109024
678,0.39785559904574164,93.59714375340195,366.9345303598867
679,0.9694704332753689,159.84457086836437,645.5985395942453
680,0.8655071258939803,143.2825261020976,588.7359950489187
681,0.8170720709492799,130.32264725509023,542.884250204902
682,0.25790282704493983,63.547300341600334,294.9722711766741
683,0.17088758739006582,64.99852616614632,263.2315340466589
684,0.668643219924431,108.3591174503501,426.0017694830355
685,0.9293759891275858,137.13236441471133,610.586025292021
686,0.5567628930139298,111.56207334559907,460.99070304057983
687,0.5716126894698998,123.86031399050405,434.37569470136856
688,0.2799790936602842,81.94462466425821,308.0488001579007
689,0.7694929331919369,114.99046269884184,523.8334437901759
690,0.18704374855752337,73.15040153795374,259.55931228680674
691,0.3236792364042437,94.33423850688088,370.7944701145748
692,0.4254364386164168,86.44581481844784,428.2158286511777
693,0.507610378684455,99.42086620171632,377.83483192886155
694,0.24240973241508024,74.38785518879999,242.87336441311083
695,0.11483682473920354,53.63469934309795,224.01765430455424
696,0.6106200424416326,117.54480858260186,481.1501007601769
697,0.28863055324025577,77.65357383794776,296.1435355136553
698,0.5812382214226123,112.3191465813315,486.4480061984119
699,0.1543627152742023,56.56134974939923,190.99266521466205
700,0.4811401018548175,93.73942718224764,405.73873002076505
701,0.5325894325515859,110.4827568334363,407.3251403928634
702,0.05182353682242691,51.45402216132502,244.3094314749345
703,0.3366042781939206,100.93006633172611,412.1518435508089
704,0.13441467693897424,59.4451058377514,206.49236420481895
705,0.06337497047276774,58.584344304795636,190.40229352176638
706,0.9899602323899452,158.32193155772543,660.2586036629658
707,0.32235384497472297,68.05172716814198,287.16982475094443
708,0.8098744458546349,113.37935646565573,511.6690319169069
709,0.25464065476376385,60.20750233067544,267.46510254141464
710,0.6815027222239293,130.77611325666476,443.0247918662462
711,0.7602278598896866,120.50420453004418,508.40953237914516
712,0.5956387406078443,135.14586691746695,460.7185893366285
713,0.47157618855015837,91.51514286844196,363.9518861957173
714,0.41184091414726853,93.02960444669722,406.4056410182908
715,0.3488682665429953,100.3079261799783,317.42716240448834
716,0.9295291442478258,163.01384330637381,647.7756638363478
717,0.8306194077877291,153.67697654513688,571.3323992440697
718,0.9650269106665126,158.5863533725827,618.9947982039528
719,0.12429722348554473,72.6703476066691,270.0058453372184
720,0.7308674752036443,129.01201701237625,522.9798069167243
721,0.9383404568210378,151.61765644377016,626.0470116285525
722,0.18123306616566015,62.61144945328068,277.3326338456049
723,0.0664962673667775,48.467637902454676,182.7110855682156
724,0.741120649290059,124.07832035489639,490.0865732841298
725,0.5744731131799119,105.74546509274191,398.4056157963525
726,0.8418287767582721,129.65059718255443,522.2622129019446
727,0.1397723766262895,70.9411121371961,336.81621395294275
728,0.7952673118598902,139.07978327169414,584.5402558876118
729,0.20162732004774453,71.04680086769292,226.5261663296221
730,0.1636559428657045,81.14089509712308,231.1343868030889
731,0.16426579793099294,55.00968865176424,246.250254208499
732,0.8145747202313821,129.52087743034105,555.0716761362652
733,0.6651972206962001,109.35149886359197,480.0529295637689
734,0.5230654247691193,83.64117630618134,374.73271808339683
735,0.3588304841235025,85.05624155392326,331.4698797678486
736,0.8772005408131083,136.502578997478,577.7504164649301
737,0.3924451074226354,104.37900817468486,376.8788346776178
738,0.8165994394715771,137.9680607927055,485.35291184810535
739,0.4391349085702184,83.6716226137298,350.3539175744044
740,0.3769444294249076,106.23536860583263,346.89418870841183
741,0.46267978566960644,108.47831552221416,406.77775155145855
742,0.3013778741641421,85.95876445110036,408.9092790039955
743,0.7476093801762511,122.49609702912679,519.0514095607947
744,0.5027203900924792,90.67764664201312,377.4266964055915
745,0.2322126951468173,69.49920175397119,301.56665623431957
746,0.8995745732745685,150.8449435244987,610.620423885395
747,0.3838912213732114,107.23498519666722,388.6226789205195
748,0.5435528611139886,119.78772139412075,460.95295822184784
749,0.9064721109645469,135.75871687859197,637.2760155521383
750,0.6242379959139921,101.22762525850911,405.1861836021838
751,0.11689804070836407,63.09866653994845,243.92637432677554
752,0.9398321236134751,126.298818705719,543.6064312431748
753,0.6277080530714179,116.0024824489896,478.98151898517716
754,0.3349056146570861,82.01453560272192,295.9328924566259
755,0.13927207266338726,59.26684224765631,218.16088076234814
756,0.794025189270296,113.45548825436165,499.5380917354941
757,0.6200727559285135,117.14327665854853,491.0112433467181
758,0.5334610919763215,98.01910080101305,434.6206121126885
759,0.8938925830509576,127.6900899479929,522.331388543885
760,0.7885972112245307,100.1370989896366,488.4328351818096
761,0.15167487973275118,64.89233892276876,221.55357666150329
762,0.31172206779554823,98.89472274625227,304.10355713778284
763,0.24848913981446574,91.46150612692527,305.2284896219965
764,0.743946292572677,119.82366669140498,493.664904155236
765,0.03353243473577938,47.33112286996013,253.8579093160397
766,0.5698896848713165,111.67671104788188,451.47076679403864
767,0.7624586857406905,116.26201418218614,461.80210197285925
768,0.8767656367617495,140.69448267436962,557.128194914951
769,0.34208174871590746,91.86897765543766,371.0694899608107
770,0.8212573046720129,144.39506270604434,625.6230686467682
771,0.11063173695520723,60.061632930721196,175.7024711155052
772,0.8464522917345182,132.60849167168215,496.4506934737073
773,0.12748866233198242,53.96904036563263,275.3291145091971
774,0.39728729056036727,81.45992551563813,353.0645007626945
775,0.7972953657795536,127.46474765894007,504.33694926598525
776,0.14991742734877378,68.66539780303916,264.01219749286395
777,0.22925139523264149,82.06098578559664,212.79446507768108
778,0.7222525683930663,114.19346733250318,488.06723671458946
779,0.7200365365460744,136.93053934420266,531.2414051654188
780,0.6411476328852973,111.40352727810404,487.1776849688801
781,0.6939484444671,119.18117150322564,456.5394120261923
782,0.5427244433475962,96.8003275432814,410.5884391613017
783,0.25179905890695276,50.93750328796585,224.183233822247
784,0.34569599350391944,93.41005331400244,351.485390692409
785,0.18159771680142567,75.5282106510669,240.9112413461373
786,0.9084505613336283,138.0317805621807,567.339814068553
787,0.5833917947661205,109.00908664886076,408.6567065594204
788,0.4008514167636399,95.24453385340499,382.6563130639092
789,0.4620058036441327,80.57512179554784,385.2179572862616
790,0.9472833396118153,139.4378071877186,586.3030955664001
791,0.1533514031160802,73.27778710782628,257.06924144536436
792,0.5862298320167972,96.08008896998723,376.53134062101367
793,0.505888678884466,103.5244472101129,398.0629750403055
794,0.6114542354346478,97.57960549723072,428.2995403649881
795,0.01811018382084051,56.47531820641932,268.7698251867804
796,0.8721239089441515,136.8559760714403,533.562126017181
797,0.9321182824836124,127.06051008930616,614.1515670416162
798,0.5651331835892089,118.1607119034926,476.6867861359758
799,0.6966508238768923,112.31916661970874,485.8930892273349
800,0.9224993811772957,134.14741374758577,630.7295495004214
801,0.7072386343133986,122.7295554036493,507.4290875776994
802,0.15253904291426135,76.74027778571329,272.54690542288625
803,0.5762883601668132,97.47061782689735,417.4988151998636
804,0.6067150463828559,111.28830313676531,485.65403509256356
805,0.424130671302386,96.70123213354434,405.18512660535885
806,0.7364442356247228,130.57547963510373,498.026171515186
807,0.9343670147690148,145.20111702967372,558.534364137252
808,0.9255685129067763,138.8865728998444,579.9109940999298
809,0.4508393714041321,86.80803493392601,341.46270689019923
810,0.11323804584075525,62.18524341453927,225.3435416355748
811,0.9848411989623346,137.76272977637737,639.2195983937905
812,0.8388980864459341,104.67630380964735,494.96483199564756
813,0.12466268120326685,66.83186616190336,236.36190216448784
814,0.9208418826173723,151.1235366725992,604.6785518383624
815,0.8698963620621283,113.36031185079443,556.4623028609885
816,0.5188380571260721,91.78649866550784,325.9244851165452
817,0.5912754357449292,115.31908618454491,432.16025115733726
818,0.39900270387013026,110.47522508413002,391.75215955561833
819,0.05476163882203133,55.68410095895721,235.95701177785108
820,0.3351972416459009,76.23969475229875,300.1616411970322
821,0.8028534485980114,128.45638044875275,477.2440240712764
822,0.004632023004602859,64.21196649194214,216.29890001827815
823,0.3334991716911442,76.89027537786907,296.324292909378
824,0.3981686935909433,81.82494929259181,306.4980322434599
825,0.5373956029379229,98.91212507197197,390.8565067979381
826,0.9198556164127605,132.4522755586889,569.0993375321859
827,0.34634599436596125,85.86130259654408,314.55341226845815
828,0.3469532018962277,100.94210477431838,289.3321360173738
829,0.7375012481097484,126.98091754213513,538.6337366527412
830,0.45221794088980716,92.69825906771784,412.9590221068805
831,0.22460482293998196,69.54236960484276,291.2406610294439
832,0.4524395161326934,79.61204352630276,321.01935001651765
833,0.14085702037979986,72.91679980945158,245.58755980969178
834,0.1763869865062233,66.86032668049431,253.0109465157247
835,0.49836777273947974,98.03197813804172,414.5221307157638
836,0.4189254495045479,123.8236206289034,431.4632804562619
837,0.9148459010681,144.47211919046686,569.1367351427755
838,0.3623938991166331,78.72147941071147,329.2602555434639
839,0.5805883502780435,103.79525906574892,443.5878058204936
840,0.6322642879195304,124.71088588392058,520.420284866143
841,0.013094456588333636,52.442149764211,203.72675781755828
842,0.6635373720167106,101.97095741849739,475.68934835402484
843,0.17803596686975143,76.99588603272717,271.41941794789705
844,0.9610703174694551,139.42559089155554,639.773255934275
845,0.14866272775311296,83.59925053748675,282.290578010949
846,0.41462412372702373,102.26289302984885,351.9489393576733
847,0.08534966807864386,54.06174785127688,248.7986213042642
848,0.9968742518459474,162.49758880194585,663.7457569328737
849,0.5021950103312426,100.89805613839829,388.7142666731158
850,0.5953850173200438,118.06623848322657,441.33007389887564
851,0.06707647738842748,61.5549759117875,221.3526734384324
852,0.7499604703991778,116.53248049000905,513.6824057127944
853,0.20990559309558576,64.55506098638395,265.72303737718784
854,0.8980542894407137,150.10503711988298,603.9131027153251
855,0.20513964048200717,67.16621072713531,313.28992947259655
856,0.19068772066366657,65.03228743394668,286.90104191706655
857,0.03654966784809488,44.10374099131596,182.83957957935314
858,0.47206694510999925,101.44268516693454,422.02342870642605
859,0.5648411332626164,127.1093625186931,429.1406666509984
860,0.06570863942835237,45.89553480029251,200.49370552734874
861,0.7755276166950106,127.79495623622863,578.6299098548394
862,0.4532888347480276,109.45108902895704,393.6219071060727
863,0.52439026932758,101.64261302030084,384.3519824701528
864,0.44076274693822814,98.59999265632017,360.5661464081569
865,0.400763060875326,79.45237080606381,306.7184833514218
866,0.5596403313082179,110.24710410289828,409.7198983029817
867,0.1552402459307125,63.65258194302576,230.93570373605152
868,0.18192813049527112,78.05011300632573,229.4865980827107
869,0.8617856210135173,148.05242261699925,581.0828702480422
870,0.9461154621336327,170.50718263354943,666.6637278040133
871,0.37330931627975295,93.12726336011106,324.4510045196849
872,0.27074467314355377,80.33243048017704,347.30056537258474
873,0.6439995432390158,116.34379733967494,483.03932163704496
874,0.4087341710980964,87.34175418170275,384.55030017070476
875,0.02538635566034486,55.923474000651396,171.76608108351644
876,0.15615259736619036,62.661245635228745,266.47340447469867
877,0.7159722288473975,123.28183264743589,466.9564006135137
878,0.6589239419101514,129.06836954709473,517.9871619187827
879,0.02709599250348349,42.644173597551934,177.25023834117889
880,0.22197216193294944,83.5960018045854,308.58318788630646
881,0.2310747965880714,86.2786303322058,263.47254630598457
882,0.6718927435987284,116.00858908996206,448.7286114462635
883,0.019710537754364155,30.75250478535047,169.9587650519365
884,0.10410858198457384,54.33263832751306,184.28109195991573
885,0.7999160853731894,142.96155400293003,568.3133453793255
886,0.1785446620543336,67.62578558244455,213.98794279615953
887,0.6527461078518747,105.28158846223837,479.1914414289201
888,0.23818278104672652,68.77052889239049,237.6349282095484
889,0.09944139275934516,68.35033954098004,248.9269252696593
890,0.24317219099945409,79.7845547819592,311.3974174821551
891,0.7222669318556592,119.83737219386897,475.5329832946139
892,0.8556964681062857,131.9014026924817,572.0218414831501
893,0.8302198645669916,129.10440496626094,550.5358347194956
894,0.3971835296184548,80.49425111686045,323.731179875045
895,0.6680851365706462,132.96227055175905,469.6123062765462
896,0.20498429541582097,67.2752248494687,203.52935514877194
897,0.29314773026101326,91.4863582343563,335.66335784882926
898,0.8963358185211198,154.8467423713365,554.226775972479
899,0.013001923510736035,61.28330133255321,198.68585503528988
900,0.08550853085446808,54.23464995826632,199.1010877112724
901,0.20788625514602732,74.82592641796882,294.9790494339073
902,0.026532203873819715,52.41126432347281,177.51519266265922
903,0.18143543508979731,59.106524901678455,233.20698428904413
904,0.5830415609696922,111.54774891418525,464.1902127908344
905,0.42142455059249795,80.35205714765178,357.00719177175057
906,0.8926717110769748,151.14396499231313,604.0021395270455
907,0.8174435617384409,127.09818320086016,549.9583710170782
908,0.34181735169787597,86.193331728516,285.7680394059236
909,0.2594234334312925,78.77522205859067,318.69352351688326
910,0.3796924081672669,85.38019107968591,360.35207289011703
911,0.5902949425148077,114.89643226623352,418.93263729649766
912,0.26806364082287626,72.05732751606239,281.1826693107304
913,0.624148907849134,121.12786375948585,467.75724936514
914,0.4094116521912404,77.48136841665657,335.010644750305
915,0.5520471808519802,106.46851388066214,435.3327240736433
916,0.4361265291353167,113.00194290411451,443.28187655170234
917,0.29446575954191767,69.44326270813602,324.95762375496423
918,0.9484533069621567,138.06788099096718,552.2712377721556
919,0.7636057941597608,131.49965791256523,544.9933248259575
920,0.14011317576645255,65.80713539604123,280.6126554100599
921,0.8684679758979128,140.35309858252685,582.6742962638402
922,0.48743119824951364,103.634991126428,434.4112589200751
923,0.8945522268940914,145.80243737502684,647.4374375017906
924,0.7998552559473152,141.08252401429377,582.2916491888446
925,0.42521350446923345,96.61953701620848,379.9726147343346
926,0.022469308320117398,49.834354285826315,212.8449781473173
927,0.2686773593849461,83.59347295052191,310.3400522341734
928,0.5416342146608669,123.16224081503884,447.95071691936704
929,0.6334782198261473,112.021484518789,447.5332656546157
930,0.2578876854332023,66.04347549661381,323.3339196398446
931,0.13935607407282413,75.00641410015214,229.76358339381542
932,0.8349302367992991,132.28921204039392,594.8839208407242
933,0.9844021807035521,126.71352261021487,600.3868618385991
934,0.5256901823026858,111.0432350017728,382.29272194940665
935,0.1716792858483035,61.81464672529112,255.25523463217039
936,0.27230732651936895,76.3253998288953,233.17950246960493
937,0.018390676547466733,55.158870960436815,207.0207499098263
938,0.914298806560499,143.33487745384056,615.8489026385802
939,0.11775108289014113,68.8696264604045,220.85908588808746
940,0.5765164755142536,103.29678384572692,431.6065493015339
941,0.274055220687206,82.53658005048143,364.64615929439253
942,0.5541780025157934,102.82233347574017,405.31449984049016
943,0.6514203883518642,122.53014364406145,447.4541043599534
944,0.8297418037072016,139.12785521085067,602.0642260023145
945,0.2064212717606032,61.28774015561436,312.73560747752634
946,0.010995828658480478,61.95940402759837,196.34872479437712
947,0.13688563006880727,58.32892855574025,258.90297291650324
948,0.9000186418481051,148.082442167622,632.3735332717908
949,0.8738900775625152,141.06188089026494,551.4853176280005
950,0.5974131021703083,128.12314698498204,456.8494760675295
951,0.6005168604336534,107.81702621964682,478.8068328542083
952,0.6650366745462555,113.01049949344356,519.5771799652973
953,0.1753712786234496,67.34293180346764,270.51220709746696
954,0.9144119459249598,138.40939676415323,555.5432483186562
955,0.4187705248920731,99.8764715086278,435.0576980815469
956,0.38313852824949746,72.15074674058387,307.2385516513661
957,0.5189177052828375,91.35494633682022,382.65359765493804
958,0.046965966775055046,44.01856746171357,190.3877762597755
959,0.1662833687560794,76.13141279534369,310.70694244128254
960,0.7380336164263704,140.9094953684563,558.3936072771622
961,0.08279866792512647,57.235374607137935,223.13862729910218
962,0.6031521094663882,108.6269937147387,457.7847793155677
963,0.24534910968132095,75.23543259926392,287.7633218625961
964,0.38929561404197655,100.54834443027956,384.3553862935675
965,0.28869373677069987,69.59584233516425,215.11508220312726
966,0.35567271646494913,87.95096147384277,329.7300333781549
967,0.7190459051842455,131.65656681624884,520.4382798271503
968,0.297121715623175,84.72311326171597,281.6907620709412
969,0.5664046402968972,108.53628019567716,444.31551191693165
970,0.47605040219909966,107.61550114558138,398.10423574851836
971,0.6636711653626481,89.33479360627244,485.7678109676678
972,0.936829739324758,150.46172712778488,653.9321042455504
973,0.7325720972102503,116.7164528897508,480.8721414241564
974,0.21494037859075676,53.187708890511104,239.7385455659928
975,0.031183135061284672,58.230339501378275,194.48202280220104
976,0.2622640442998251,89.96298988161209,300.073913827577
977,0.5950779307002548,108.13330792374856,446.5740906165431
978,0.05142581348425035,64.67132682045442,189.68627220932908
979,0.49636624720123634,115.75940730001008,388.6305250622603
980,0.5968428489168892,122.8334294275294,481.9843355333689
981,0.3342438908169608,99.82403437541002,368.8951063348576
982,0.7709122037458219,134.51249528530113,508.91293126189845
983,0.1065982531337718,61.41416170239311,250.9613814165992
984,0.07513778173580876,41.49412005460919,165.83518272769646
985,0.7281887562036033,120.35825073906085,506.5889601108117
986,0.49549131620619846,91.11666566745792,409.9327137414201
987,0.688402396427736,140.54966681775176,516.336842213837
988,0.4348273386037462,91.72387573605126,381.6762425494348
989,0.2464020332391068,75.87225139175554,272.2360977427382
990,0.8191023176741997,137.42508552782465,545.9743260911539
991,0.7994158789689793,130.3776123606225,529.2153993052173
992,0.6946964708544268,136.4201574897502,490.64182709474613
993,0.2721451372299627,70.98802010565176,282.822346433993
994,0.5902306668690871,110.96914123928113,397.06436295373544
995,0.3609738969400268,78.6726838370222,311.5665824232782
996,0.09158207332663415,45.95798222045636,187.86533052758466
997,0.9173135754622428,135.61366663717143,570.9291800195685
998,0.1368186309189614,63.31149512141202,228.76790858168312
999,0.9502373538208024,140.73071313690764,594.3143498557984
1000,0.44600577295795574,87.67636749705702,379.6995286755541
