Day_ID,Region,Ad_Spend,Price_Index,Competitor_Price,Store_Size,Online_Traffic,Promotion_Active,Sales
1,Mien_Bac,38.88,101.59,101.67,170.21,441,0,253.42
2,Mien_Bac,23.87,104.75,104.9,119.52,457,0,188.55
3,Mien_Nam,43.71,102.99,115.36,157.88,512,0,299.09
4,Mien_Bac,44.0,104.74,101.75,137.29,397,0,257.91
5,Mien_Bac,47.71,101.95,92.41,171.84,777,0,323.89
6,Mien_Trung,52.19,104.41,93.95,118.33,577,0,270.1
7,Mien_Bac,38.69,100.67,103.49,167.75,589,0,286.87
8,Mien_Bac,34.92,105.5,98.93,141.79,617,0,232.08
9,Mien_Trung,39.62,99.62,105.84,165.91,649,0,282.41
10,Mien_Nam,46.01,99.7,91.49,170.85,590,0,303.65
11,Mien_Nam,42.11,103.72,98.73,141.46,550,1,318.4
12,Mien_Trung,63.72,100.88,98.14,163.46,474,0,323.57
13,Mien_Trung,23.45,101.73,97.63,144.22,545,0,196.5
14,Mien_Nam,40.57,107.02,99.89,116.53,392,0,237.73
15,Mien_Nam,43.41,100.02,102.87,144.82,442,0,282.31
16,Mien_Trung,57.67,94.25,95.35,165.46,419,0,335.5
17,Mien_Nam,41.19,100.38,97.04,168.46,670,0,311.74
18,Mien_Nam,56.49,93.89,103.22,131.71,562,0,345.79
19,Mien_Bac,46.43,102.78,106.26,160.53,636,0,339.6
20,Mien_Bac,35.6,105.95,107.8,132.66,561,0,268.14
21,Mien_Bac,52.26,104.24,101.05,125.66,604,0,320.46
22,Mien_Nam,42.49,94.35,104.62,175.37,542,0,327.56
23,Mien_Bac,36.3,96.14,105.27,145.21,620,0,282.96
24,Mien_Nam,35.94,99.83,94.22,169.54,504,0,264.61
25,Mien_Trung,48.76,103.7,97.29,165.54,604,0,281.0
26,Mien_Bac,57.1,100.46,103.78,185.26,523,1,342.08
27,Mien_Bac,60.57,100.26,105.23,171.32,404,0,355.02
28,Mien_Trung,53.04,101.29,100.14,167.44,643,0,311.05
29,Mien_Nam,52.32,100.88,93.08,119.98,516,0,291.72
30,Mien_Nam,32.12,101.79,97.51,151.6,410,0,237.55
31,Mien_Nam,55.5,93.65,114.33,186.87,636,1,409.85
32,Mien_Nam,60.48,96.86,97.33,116.62,422,0,359.16
33,Mien_Bac,53.18,91.94,105.67,175.33,537,0,362.54
34,Mien_Nam,42.69,93.6,98.58,187.44,498,0,294.28
35,Mien_Bac,30.05,93.5,109.26,176.47,487,0,254.15
36,Mien_Nam,54.05,104.55,98.79,151.22,564,0,323.31
37,Mien_Bac,43.85,110.56,104.12,151.42,543,1,285.59
38,Mien_Bac,45.14,101.04,105.31,140.71,437,0,273.27
39,Mien_Nam,53.62,102.91,96.22,167.54,555,1,332.84
40,Mien_Trung,32.12,93.9,95.98,173.24,655,1,268.5
41,Mien_Bac,50.12,104.65,96.86,168.98,476,0,301.7
42,Mien_Trung,47.29,96.93,111.47,171.3,320,0,281.25
43,Mien_Nam,57.71,103.34,95.81,149.82,290,1,356.34
44,Mien_Bac,56.14,106.79,97.4,154.08,555,0,320.64
45,Mien_Bac,61.54,97.61,96.01,177.2,296,1,368.41
46,Mien_Bac,46.98,99.98,95.91,149.04,627,0,304.85
47,Mien_Trung,35.54,95.78,97.94,159.15,506,1,284.17
48,Mien_Bac,54.74,100.27,113.65,158.12,456,0,353.66
49,Mien_Nam,48.89,104.88,91.28,165.68,484,0,272.91
50,Mien_Nam,30.87,101.81,103.43,169.41,574,0,284.74
51,Mien_Trung,49.26,98.59,101.77,128.05,534,1,305.58
52,Mien_Trung,25.48,95.49,99.35,148.89,525,1,242.76
53,Mien_Trung,65.16,101.56,98.12,118.02,363,0,320.23
54,Mien_Nam,41.72,98.48,101.45,190.95,511,1,344.77
55,Mien_Nam,60.27,100.83,93.88,144.62,648,0,360.86
56,Mien_Bac,32.69,107.22,105.32,147.26,520,1,223.31
57,Mien_Bac,59.82,101.65,99.91,165.93,471,1,322.6
58,Mien_Nam,61.23,92.79,99.26,148.49,389,0,358.71
59,Mien_Trung,70.55,98.4,97.32,140.49,418,0,335.9
60,Mien_Bac,35.66,99.04,100.34,104.34,489,1,262.11
61,Mien_Nam,58.51,96.9,95.58,161.59,445,0,320.56
62,Mien_Nam,43.73,89.04,105.11,130.24,502,0,327.62
63,Mien_Bac,65.24,87.72,95.14,131.91,481,0,356.29
64,Mien_Bac,42.27,98.25,101.31,168.21,605,0,300.15
65,Mien_Bac,73.74,105.07,97.36,181.64,461,0,356.22
66,Mien_Nam,30.86,104.71,100.17,152.55,463,0,237.14
67,Mien_Bac,46.18,97.93,95.03,139.1,249,1,291.05
68,Mien_Bac,53.9,99.58,101.42,155.47,427,0,299.91
69,Mien_Trung,70.43,108.1,105.6,134.77,443,0,321.11
70,Mien_Nam,45.41,98.47,90.85,165.95,386,0,289.42
71,Mien_Nam,48.51,97.96,96.39,165.21,610,0,331.67
72,Mien_Nam,32.3,94.84,101.02,151.79,548,1,314.32
73,Mien_Bac,44.05,102.94,98.09,143.62,554,0,289.35
74,Mien_Bac,47.3,104.74,98.5,176.02,432,0,246.31
75,Mien_Nam,34.2,100.08,98.56,166.46,589,0,272.9
76,Mien_Bac,51.65,102.84,94.75,141.99,550,0,312.68
77,Mien_Trung,45.13,102.02,93.45,133.66,650,1,295.09
78,Mien_Bac,62.87,97.78,97.44,138.95,596,0,359.41
79,Mien_Nam,33.68,101.4,93.65,139.74,517,0,262.09
80,Mien_Nam,51.81,113.22,98.78,150.94,678,1,336.49
81,Mien_Nam,52.5,94.3,91.95,187.74,518,1,354.32
82,Mien_Nam,75.39,102.62,96.47,147.33,607,0,384.3
83,Mien_Bac,58.52,88.4,98.62,162.56,627,0,345.17
84,Mien_Bac,38.75,99.25,99.96,123.62,580,0,260.27
85,Mien_Nam,39.83,102.58,95.21,146.71,500,0,271.58
86,Mien_Bac,42.17,103.37,99.31,153.1,756,0,270.36
87,Mien_Nam,63.89,86.7,87.53,125.19,382,0,354.58
88,Mien_Trung,48.5,102.64,105.0,123.47,463,0,272.88
89,Mien_Nam,49.11,100.15,95.77,135.43,509,0,299.92
90,Mien_Nam,46.49,98.85,104.88,131.19,523,0,309.68
91,Mien_Nam,43.43,95.31,89.98,185.29,375,0,275.53
92,Mien_Nam,57.56,92.93,107.48,106.6,324,1,344.6
93,Mien_Nam,59.72,99.85,97.99,176.92,715,0,375.72
94,Mien_Bac,37.12,100.5,90.22,161.04,700,1,294.17
95,Mien_Bac,66.21,107.85,93.98,160.21,484,0,341.98
96,Mien_Nam,46.52,100.99,91.39,161.62,347,0,268.85
97,Mien_Nam,55.74,91.23,112.49,143.91,509,0,362.31
98,Mien_Bac,56.08,92.4,99.97,136.82,331,1,348.58
99,Mien_Bac,51.8,98.33,111.85,149.05,344,1,320.6
100,Mien_Nam,39.12,104.65,89.42,172.88,368,0,249.46
101,Mien_Trung,58.17,103.09,107.72,171.24,454,0,327.73
102,Mien_Bac,58.18,100.67,102.68,145.73,612,1,352.19
103,Mien_Bac,35.95,102.51,93.75,175.56,473,0,247.47
104,Mien_Nam,43.49,105.22,105.21,155.66,365,0,287.42
105,Mien_Trung,57.13,100.24,107.34,136.33,449,0,273.21
106,Mien_Trung,33.18,91.21,94.76,165.87,469,0,233.24
107,Mien_Bac,30.66,93.96,93.58,163.65,483,1,249.13
108,Mien_Trung,73.1,96.68,107.0,182.42,343,0,371.74
109,Mien_Bac,55.55,96.89,97.02,146.64,462,1,316.17
110,Mien_Nam,53.44,98.12,95.77,135.93,735,0,351.64
111,Mien_Bac,46.37,102.92,103.26,171.67,414,0,284.42
112,Mien_Bac,58.84,95.25,94.95,149.83,569,0,318.4
113,Mien_Trung,15.19,95.65,107.23,156.86,632,0,187.23
114,Mien_Bac,52.4,101.53,105.6,158.43,540,1,344.67
115,Mien_Nam,60.09,107.66,96.1,159.61,462,1,333.64
116,Mien_Bac,54.18,102.0,98.65,150.07,581,1,310.01
117,Mien_Nam,57.53,93.25,108.97,154.27,526,0,355.81
118,Mien_Trung,62.09,92.79,101.05,158.17,481,1,354.8
119,Mien_Bac,31.9,104.83,97.12,152.56,536,0,223.42
120,Mien_Bac,48.69,89.82,104.39,171.6,329,1,322.15
121,Mien_Nam,37.7,99.11,103.89,169.75,612,0,312.59
122,Mien_Trung,47.78,94.27,99.31,162.67,377,0,308.2
123,Mien_Trung,58.98,98.97,95.73,136.62,507,0,307.21
124,Mien_Trung,55.06,99.86,101.62,145.4,570,1,341.07
125,Mien_Nam,40.56,101.62,107.5,159.83,396,0,281.08
126,Mien_Nam,36.42,98.42,95.56,149.71,340,1,282.66
127,Mien_Bac,47.23,99.87,98.96,136.24,747,0,296.63
128,Mien_Nam,53.72,102.39,99.85,138.58,473,1,328.93
129,Mien_Bac,74.02,99.89,103.15,185.63,412,0,380.5
130,Mien_Bac,48.21,96.34,101.17,128.75,598,0,311.6
131,Mien_Bac,52.76,96.01,110.87,157.16,539,1,360.62
132,Mien_Bac,51.15,104.75,98.81,176.35,540,1,353.84
133,Mien_Bac,39.68,97.35,103.71,172.59,796,1,321.25
134,Mien_Bac,38.72,102.82,96.99,154.23,609,1,281.14
135,Mien_Nam,31.36,95.49,90.63,190.03,489,1,306.53
136,Mien_Trung,33.67,97.14,104.8,153.59,553,0,232.04
137,Mien_Nam,54.02,96.57,101.94,144.17,334,1,338.24
138,Mien_Nam,27.66,101.18,93.07,156.38,537,0,234.54
139,Mien_Nam,61.08,96.46,90.66,144.55,290,1,349.74
140,Mien_Nam,56.49,93.04,94.97,160.41,584,0,367.98
141,Mien_Trung,53.63,106.49,98.18,157.59,467,0,276.43
142,Mien_Nam,48.69,94.83,98.86,158.97,441,0,314.04
143,Mien_Trung,51.39,102.26,99.2,171.72,289,0,319.69
144,Mien_Bac,40.62,103.22,101.66,136.99,607,0,266.37
145,Mien_Nam,49.69,110.02,105.78,156.15,455,1,318.8
146,Mien_Nam,39.23,103.34,93.46,182.62,422,0,271.27
147,Mien_Trung,60.05,98.74,102.04,178.7,556,0,341.21
148,Mien_Bac,60.47,102.85,104.33,162.71,628,0,340.21
149,Mien_Nam,37.22,91.78,94.69,181.05,344,0,271.34
150,Mien_Bac,51.7,96.5,106.54,180.68,275,1,315.86
151,Mien_Nam,45.46,99.9,93.06,119.34,644,0,267.05
152,Mien_Nam,56.8,102.88,98.48,157.84,481,0,336.16
153,Mien_Nam,41.29,95.08,105.83,137.65,308,0,287.48
154,Mien_Nam,43.97,92.07,99.19,146.82,403,0,306.3
155,Mien_Nam,51.6,95.31,108.38,148.5,442,0,331.24
156,Mien_Trung,62.06,101.92,98.3,158.02,549,0,307.32
157,Mien_Trung,47.25,103.76,104.48,135.98,580,0,271.37
158,Mien_Nam,52.39,96.09,113.34,125.24,552,1,348.85
159,Mien_Bac,62.25,108.12,90.78,155.36,645,0,299.67
160,Mien_Trung,54.15,96.14,91.39,111.74,597,1,333.05
161,Mien_Bac,53.03,97.33,90.26,161.27,389,0,284.62
162,Mien_Bac,42.41,100.17,96.27,164.03,603,0,282.19
163,Mien_Nam,38.27,93.83,104.17,188.93,473,0,324.22
164,Mien_Nam,40.09,103.15,94.51,151.63,658,0,277.57
165,Mien_Nam,44.66,92.96,100.44,165.6,507,0,331.47
166,Mien_Bac,44.73,101.81,103.02,161.65,392,0,261.69
167,Mien_Bac,50.87,103.54,94.91,117.98,715,0,280.59
168,Mien_Trung,52.51,99.99,97.69,159.28,456,1,329.32
169,Mien_Trung,55.68,103.0,96.96,145.27,381,0,280.97
170,Mien_Bac,50.51,100.85,98.65,153.95,746,1,332.3
171,Mien_Bac,24.74,100.32,97.77,130.15,550,0,213.56
172,Mien_Bac,21.12,101.47,101.7,134.13,554,0,185.42
173,Mien_Bac,43.11,99.69,96.62,141.78,463,0,256.71
174,Mien_Nam,50.16,96.36,90.79,168.25,549,0,352.32
175,Mien_Bac,48.71,104.95,96.96,126.58,620,1,300.19
176,Mien_Nam,49.7,99.13,97.65,149.7,586,0,305.41
177,Mien_Nam,40.06,99.85,88.24,191.21,380,0,268.19
178,Mien_Nam,26.97,97.78,94.75,104.47,528,1,251.05
179,Mien_Nam,61.42,94.4,90.41,141.87,491,0,359.67
180,Mien_Nam,52.77,104.0,96.16,153.37,380,1,322.18
181,Mien_Nam,47.71,100.45,101.42,140.9,419,0,316.71
182,Mien_Bac,56.8,105.79,97.29,141.28,528,1,315.33
183,Mien_Bac,56.07,106.56,92.48,139.95,528,1,302.71
184,Mien_Nam,44.17,100.19,108.73,185.99,574,0,326.96
185,Mien_Bac,55.57,98.95,96.43,124.37,326,0,263.76
186,Mien_Trung,45.16,98.34,101.26,146.71,365,1,298.54
187,Mien_Trung,58.38,95.93,107.28,147.2,588,0,347.06
188,Mien_Bac,53.26,100.15,99.43,148.28,581,0,321.79
189,Mien_Nam,54.94,103.62,113.8,171.51,310,0,328.35
190,Mien_Nam,53.29,104.5,96.27,159.56,474,0,310.9
191,Mien_Nam,62.88,97.89,101.56,121.99,571,0,379.69
192,Mien_Bac,52.78,107.27,91.3,127.87,454,1,282.26
193,Mien_Trung,41.83,89.53,103.53,156.77,330,0,294.05
194,Mien_Nam,61.67,97.14,101.09,133.28,721,0,365.28
195,Mien_Nam,68.61,109.43,109.79,169.13,437,1,398.05
196,Mien_Nam,61.16,96.75,105.69,163.64,222,0,353.54
197,Mien_Bac,41.57,99.32,102.88,122.69,518,0,278.24
198,Mien_Nam,46.5,101.31,106.88,143.92,619,0,285.54
199,Mien_Bac,35.89,94.13,96.83,165.43,310,1,270.68
200,Mien_Bac,60.33,99.03,97.79,158.04,480,0,351.2
201,Mien_Bac,52.06,98.11,82.77,146.78,590,0,306.61
202,Mien_Nam,53.95,97.13,102.12,152.43,402,0,312.05
203,Mien_Trung,41.6,95.39,98.18,181.36,447,0,270.33
204,Mien_Trung,51.02,94.34,89.42,129.47,524,0,287.45
205,Mien_Trung,48.9,96.98,105.31,131.62,388,0,290.3
206,Mien_Nam,50.8,101.74,95.15,143.69,457,0,293.48
207,Mien_Trung,60.18,113.32,98.23,153.05,537,0,325.11
208,Mien_Nam,37.34,99.71,97.31,190.2,676,0,278.23
209,Mien_Bac,63.97,100.29,96.12,148.82,437,0,341.14
210,Mien_Bac,61.62,96.16,91.32,151.9,463,0,337.32
211,Mien_Trung,49.39,96.32,100.5,167.63,402,0,289.26
212,Mien_Trung,63.09,97.16,89.02,154.01,536,0,346.86
213,Mien_Nam,57.65,99.04,92.69,152.35,598,0,348.97
214,Mien_Trung,47.34,102.42,96.72,139.69,529,0,282.26
215,Mien_Nam,42.64,101.02,101.15,154.82,552,0,293.85
216,Mien_Trung,61.49,107.16,92.87,144.89,503,0,298.5
217,Mien_Nam,41.95,102.98,101.63,156.08,680,0,304.39
218,Mien_Nam,48.35,106.53,99.45,105.2,450,0,294.55
219,Mien_Nam,44.35,97.95,96.02,109.41,576,0,308.55
220,Mien_Bac,48.97,106.13,100.23,152.71,537,0,275.23
221,Mien_Nam,45.98,102.62,96.94,165.55,637,0,321.64
222,Mien_Bac,60.29,93.42,104.34,163.35,378,1,373.2
223,Mien_Nam,40.34,100.75,89.77,104.46,514,0,275.23
224,Mien_Trung,48.12,95.29,98.67,158.43,456,1,318.4
225,Mien_Nam,58.89,97.37,103.96,142.27,533,0,341.13
226,Mien_Bac,31.15,98.52,90.36,165.58,605,0,228.58
227,Mien_Trung,54.28,104.5,105.41,154.29,573,0,296.28
228,Mien_Nam,42.66,100.18,102.09,173.27,526,1,328.56
229,Mien_Trung,56.53,113.44,89.14,136.24,647,0,275.34
230,Mien_Trung,71.05,94.43,107.33,184.99,398,0,385.32
231,Mien_Bac,47.43,87.99,102.55,152.87,647,0,335.43
232,Mien_Nam,48.94,99.08,97.36,105.84,477,0,264.06
233,Mien_Nam,41.06,96.65,98.77,150.14,608,0,288.6
234,Mien_Nam,53.77,99.1,95.33,146.11,411,0,317.03
235,Mien_Nam,49.81,105.38,97.61,136.94,362,0,257.43
236,Mien_Trung,57.72,107.66,105.53,139.15,514,0,293.73
237,Mien_Bac,41.68,88.95,94.67,143.86,652,0,288.16
238,Mien_Bac,55.12,99.16,107.36,173.14,617,0,312.68
239,Mien_Nam,52.07,103.79,102.29,162.73,505,0,307.28
240,Mien_Bac,33.03,96.77,116.07,140.29,304,1,279.56
241,Mien_Nam,54.71,104.23,111.04,135.09,405,1,324.41
242,Mien_Nam,55.28,102.44,89.08,136.14,316,0,312.41
243,Mien_Nam,40.13,107.41,98.48,125.71,403,0,245.67
244,Mien_Nam,35.87,106.07,99.1,135.72,611,0,242.94
245,Mien_Bac,68.91,97.69,99.72,127.07,500,1,369.05
246,Mien_Bac,39.02,98.19,89.18,142.9,490,1,274.62
247,Mien_Nam,34.6,92.57,103.17,109.22,518,0,253.67
248,Mien_Nam,47.81,106.14,93.62,132.53,373,1,279.98
249,Mien_Nam,59.61,90.88,98.97,127.84,479,0,386.38
250,Mien_Trung,52.92,104.5,111.76,172.55,455,0,284.6
251,Mien_Nam,34.75,101.2,101.6,185.38,463,1,293.46
252,Mien_Bac,48.75,94.14,99.92,157.81,525,0,323.66
253,Mien_Bac,56.4,96.37,101.44,101.61,771,1,351.67
254,Mien_Trung,61.94,98.32,102.49,179.84,616,1,365.19
255,Mien_Bac,48.65,105.02,114.0,153.85,695,1,332.54
256,Mien_Nam,45.9,96.26,106.87,139.37,410,1,313.59
257,Mien_Bac,44.64,104.28,103.09,164.31,542,1,294.09
258,Mien_Nam,55.85,102.25,95.4,154.24,417,0,316.23
259,Mien_Nam,48.09,97.26,100.64,147.3,503,0,320.72
260,Mien_Bac,64.55,100.02,98.92,151.65,483,0,331.33
261,Mien_Bac,58.73,96.85,99.07,164.01,472,0,340.86
262,Mien_Bac,50.79,100.12,90.08,174.06,414,1,313.11
263,Mien_Nam,71.87,93.55,96.11,153.78,389,1,413.67
264,Mien_Trung,52.37,106.85,93.07,151.31,426,0,282.88
265,Mien_Bac,53.35,95.26,96.24,150.31,595,0,304.85
266,Mien_Trung,41.42,105.63,98.36,134.45,572,0,242.72
267,Mien_Nam,48.4,104.72,98.64,165.12,493,0,330.38
268,Mien_Nam,55.22,95.92,101.15,151.37,394,0,345.6
269,Mien_Nam,45.62,100.7,102.45,147.5,216,0,276.88
270,Mien_Bac,35.95,92.92,107.41,143.6,460,0,275.92
271,Mien_Nam,47.27,101.83,105.83,182.05,425,0,302.69
272,Mien_Nam,60.75,93.16,109.29,134.77,519,0,364.95
273,Mien_Bac,32.56,100.6,90.85,127.32,478,0,183.56
274,Mien_Nam,49.23,100.08,103.23,149.17,701,0,332.62
275,Mien_Nam,51.21,107.74,98.57,153.84,598,0,298.54
276,Mien_Bac,59.89,93.24,104.02,163.54,272,0,316.88
277,Mien_Bac,42.57,96.01,110.03,147.85,430,1,305.21
278,Mien_Trung,55.37,100.26,98.77,137.0,433,0,285.35
279,Mien_Nam,53.93,107.06,101.95,142.61,370,0,325.96
280,Mien_Bac,56.39,98.82,98.42,113.29,533,0,321.09
281,Mien_Bac,39.11,99.22,100.23,161.69,500,0,242.86
282,Mien_Bac,58.42,96.91,113.13,112.11,443,0,329.2
283,Mien_Nam,54.48,101.86,100.29,156.64,457,0,297.82
284,Mien_Bac,51.63,100.21,103.29,138.38,502,1,331.85
285,Mien_Nam,49.15,93.78,94.23,166.62,639,0,347.55
286,Mien_Nam,49.94,107.81,103.71,145.85,562,0,287.27
287,Mien_Bac,54.7,103.57,99.08,132.54,498,0,293.26
288,Mien_Bac,42.42,92.17,91.94,117.93,524,1,294.69
289,Mien_Nam,61.92,97.04,102.44,118.41,637,0,343.11
290,Mien_Bac,34.74,100.16,101.28,146.21,345,0,266.26
291,Mien_Nam,41.95,104.79,104.68,144.19,641,0,287.01
292,Mien_Nam,54.09,93.37,96.7,129.48,463,0,332.48
293,Mien_Bac,50.11,103.55,107.59,142.62,452,0,308.52
294,Mien_Nam,40.48,102.11,100.66,171.05,442,0,254.63
295,Mien_Bac,56.9,87.21,95.61,129.54,397,0,313.19
296,Mien_Nam,62.17,104.1,98.49,172.67,393,1,341.61
297,Mien_Trung,45.4,94.32,108.76,115.6,440,0,282.67
298,Mien_Nam,54.8,97.15,103.41,152.11,341,1,356.46
299,Mien_Nam,50.33,95.22,86.14,153.14,608,0,331.31
300,Mien_Trung,60.87,104.62,97.46,163.53,446,0,318.39
301,Mien_Bac,60.58,104.69,103.8,151.76,260,0,307.29
302,Mien_Nam,42.88,107.22,99.64,159.1,577,1,289.75
303,Mien_Nam,68.19,100.2,98.57,155.38,524,0,392.88
304,Mien_Bac,38.83,94.94,102.26,166.2,435,0,283.78
305,Mien_Nam,50.7,96.8,93.99,127.96,624,0,295.64
306,Mien_Nam,43.15,99.24,95.78,168.64,681,0,296.6
307,Mien_Bac,55.41,99.23,108.32,172.93,381,0,329.42
308,Mien_Nam,47.06,97.36,96.96,116.63,367,1,306.68
309,Mien_Bac,65.14,96.93,96.14,184.03,389,0,321.94
310,Mien_Bac,32.53,99.36,105.69,124.28,508,0,249.2
311,Mien_Bac,49.17,100.93,101.18,133.75,649,0,321.1
312,Mien_Bac,61.9,105.07,90.55,168.52,565,1,322.89
313,Mien_Trung,47.85,101.38,109.99,164.49,413,0,311.25
314,Mien_Nam,46.73,91.88,99.34,159.95,461,0,321.63
315,Mien_Trung,41.36,99.3,101.9,153.79,339,0,244.72
316,Mien_Nam,50.16,99.57,109.41,175.81,580,0,322.45
317,Mien_Bac,53.59,102.84,95.81,132.59,670,0,304.05
318,Mien_Nam,54.08,102.26,91.6,154.14,641,1,354.83
319,Mien_Nam,48.15,96.9,100.92,165.33,328,0,307.53
320,Mien_Trung,61.07,103.21,112.85,134.99,583,0,318.92
321,Mien_Nam,55.38,100.92,97.13,114.53,430,0,310.58
322,Mien_Trung,52.52,98.12,110.5,129.64,430,0,292.43
323,Mien_Bac,55.43,94.81,100.81,153.3,430,0,325.33
324,Mien_Bac,51.0,91.7,87.13,160.66,604,1,325.52
325,Mien_Bac,38.54,93.18,104.25,150.18,606,0,254.24
326,Mien_Bac,54.18,104.23,101.05,153.29,461,0,325.97
327,Mien_Bac,40.12,102.67,93.78,164.88,511,0,285.02
328,Mien_Bac,47.19,102.12,95.32,144.24,510,0,256.04
329,Mien_Bac,48.54,97.04,95.58,136.03,511,0,297.38
330,Mien_Nam,63.42,88.35,106.52,171.1,500,0,369.4
331,Mien_Trung,55.49,111.1,101.51,131.66,466,0,267.64
332,Mien_Nam,45.27,93.58,99.21,153.54,231,0,291.36
333,Mien_Nam,49.54,96.18,112.17,169.17,390,0,339.91
334,Mien_Nam,62.44,100.66,102.17,156.77,291,1,355.72
335,Mien_Nam,53.34,98.51,99.46,170.47,481,1,338.43
336,Mien_Trung,47.24,104.7,102.98,150.89,519,0,266.84
337,Mien_Bac,47.05,106.73,93.53,136.23,374,0,233.3
338,Mien_Bac,67.62,98.59,107.74,169.36,479,0,399.75
339,Mien_Trung,52.69,107.57,108.38,158.29,575,0,309.14
340,Mien_Bac,60.74,107.63,95.68,160.58,515,1,335.47
341,Mien_Trung,55.41,107.21,104.7,156.21,686,0,330.14
342,Mien_Nam,40.12,104.67,96.22,129.84,424,0,246.91
343,Mien_Trung,36.28,100.16,101.33,140.41,615,0,245.31
344,Mien_Nam,59.27,94.51,100.59,148.94,357,0,357.62
345,Mien_Bac,39.87,103.51,90.84,162.36,604,1,288.2
346,Mien_Nam,40.51,107.17,97.24,148.67,466,0,270.55
347,Mien_Bac,37.65,105.82,104.02,144.15,453,0,256.37
348,Mien_Bac,61.61,95.94,102.21,156.31,490,0,337.64
349,Mien_Bac,62.15,97.01,89.13,162.81,379,0,333.76
350,Mien_Nam,63.35,103.15,106.43,190.4,596,0,379.41
351,Mien_Nam,67.69,97.54,91.88,138.94,570,1,389.84
352,Mien_Bac,35.29,100.71,106.71,160.99,569,0,288.79
353,Mien_Nam,61.9,105.86,103.35,146.79,500,0,323.77
354,Mien_Nam,36.88,104.34,102.42,129.56,379,1,276.23
355,Mien_Nam,59.53,102.37,103.14,176.62,584,1,383.1
356,Mien_Trung,40.2,115.31,93.38,143.75,334,1,234.57
357,Mien_Nam,32.61,105.56,95.16,147.02,593,1,272.13
358,Mien_Nam,54.29,98.29,99.0,154.24,410,1,357.03
359,Mien_Trung,52.89,100.37,107.15,147.6,481,0,294.61
360,Mien_Trung,53.43,101.54,96.0,146.45,434,0,274.57
361,Mien_Bac,32.98,97.69,96.32,171.04,398,0,228.87
362,Mien_Bac,63.69,94.31,97.72,156.64,588,0,352.07
363,Mien_Bac,30.82,99.25,108.11,155.64,523,0,233.75
364,Mien_Bac,35.74,103.91,94.92,149.51,311,1,238.12
365,Mien_Bac,38.14,88.39,103.25,182.82,612,1,331.49
366,Mien_Bac,62.24,100.68,92.89,140.01,670,0,337.62
367,Mien_Nam,45.76,105.18,98.36,171.09,447,1,279.39
368,Mien_Bac,52.62,93.72,97.89,203.69,376,0,328.33
369,Mien_Bac,41.08,102.01,92.25,155.82,409,0,240.26
370,Mien_Trung,53.8,99.05,100.4,158.9,464,1,306.32
371,Mien_Bac,51.16,95.78,102.41,159.37,551,0,303.31
372,Mien_Bac,46.39,102.69,101.78,157.5,635,0,306.11
373,Mien_Nam,42.85,98.69,104.97,149.45,434,1,301.08
374,Mien_Nam,65.91,98.97,99.73,125.72,693,1,373.4
375,Mien_Nam,61.72,98.17,96.4,127.8,741,1,386.38
376,Mien_Nam,43.49,100.01,100.34,139.76,619,0,295.79
377,Mien_Bac,34.47,98.49,101.5,132.13,418,0,232.98
378,Mien_Trung,64.29,96.93,101.95,141.08,575,0,327.94
379,Mien_Trung,43.6,99.17,109.2,152.76,429,0,255.64
380,Mien_Trung,55.05,100.98,104.17,120.76,382,1,327.01
381,Mien_Trung,53.31,102.67,94.22,130.38,599,0,305.55
382,Mien_Trung,39.12,93.6,99.35,134.01,417,1,254.14
383,Mien_Trung,45.32,94.23,93.43,155.97,494,0,284.0
384,Mien_Bac,70.76,98.14,104.95,166.32,586,1,406.22
385,Mien_Nam,56.35,94.41,89.76,118.93,472,0,330.6
386,Mien_Bac,44.98,97.54,94.98,112.3,522,0,298.44
387,Mien_Nam,57.8,91.88,92.75,145.23,512,1,348.78
388,Mien_Bac,58.52,106.26,111.46,166.2,478,0,341.31
389,Mien_Bac,54.67,102.53,101.06,131.76,397,1,314.81
390,Mien_Bac,51.49,96.6,102.54,191.62,325,1,336.36
391,Mien_Trung,49.34,102.25,97.42,147.08,512,0,274.27
392,Mien_Bac,35.84,103.27,88.81,170.57,542,0,249.06
393,Mien_Bac,61.54,97.41,93.53,137.27,493,0,315.47
394,Mien_Trung,44.44,93.49,102.91,159.23,420,0,247.06
395,Mien_Trung,53.36,109.79,99.84,139.72,385,0,264.03
396,Mien_Trung,67.23,102.5,99.19,135.87,526,1,342.26
397,Mien_Nam,47.84,96.85,86.89,172.88,540,0,312.18
398,Mien_Bac,45.35,98.56,93.58,114.26,615,0,297.78
399,Mien_Bac,46.23,98.25,92.8,144.15,515,0,295.7
400,Mien_Nam,53.54,98.72,108.22,178.59,646,0,345.6
401,Mien_Nam,66.26,97.49,98.21,155.48,515,1,408.5
402,Mien_Nam,57.32,98.93,103.93,140.53,735,0,318.64
403,Mien_Nam,47.74,99.57,109.05,136.16,630,1,325.32
404,Mien_Trung,63.47,97.63,100.44,143.27,628,0,360.24
405,Mien_Trung,54.44,94.24,95.71,129.43,275,0,303.13
406,Mien_Bac,64.96,97.62,94.96,145.51,386,0,339.09
407,Mien_Bac,46.26,97.46,96.44,147.88,508,0,278.53
408,Mien_Bac,48.18,100.16,95.94,170.09,509,0,285.16
409,Mien_Trung,32.66,101.7,93.88,168.69,475,0,236.66
410,Mien_Bac,62.1,98.65,96.46,163.1,563,1,354.88
411,Mien_Bac,30.15,96.95,104.06,134.5,498,0,230.1
412,Mien_Bac,56.73,88.15,101.51,126.28,560,0,351.69
413,Mien_Bac,41.94,93.27,110.19,132.7,656,0,290.34
414,Mien_Nam,55.23,98.37,98.12,162.2,453,0,307.99
415,Mien_Nam,55.17,104.86,97.75,173.65,548,0,317.12
416,Mien_Nam,46.23,98.97,103.63,172.31,605,0,323.65
417,Mien_Nam,36.86,108.83,88.98,134.31,614,0,250.81
418,Mien_Trung,59.28,102.71,108.82,155.91,566,0,317.93
419,Mien_Trung,45.47,104.47,105.41,183.77,662,0,306.09
420,Mien_Nam,59.18,96.17,104.37,129.25,561,1,353.6
421,Mien_Bac,60.73,101.63,98.28,107.7,479,0,322.77
422,Mien_Bac,48.14,98.39,100.46,144.55,644,0,272.04
423,Mien_Bac,52.19,100.39,109.73,189.02,422,0,318.1
424,Mien_Nam,56.28,98.8,93.59,144.41,400,0,333.89
425,Mien_Nam,51.11,100.76,107.09,173.21,488,0,331.16
426,Mien_Bac,56.53,94.31,107.28,184.7,616,0,335.94
427,Mien_Bac,42.4,101.44,109.21,136.86,462,0,278.57
428,Mien_Nam,37.02,96.21,100.15,143.99,560,0,322.82
429,Mien_Nam,64.18,92.06,91.67,138.1,471,0,348.49
430,Mien_Bac,49.68,101.37,106.41,151.82,443,0,312.25
431,Mien_Nam,62.06,105.71,95.25,142.02,408,0,331.15
432,Mien_Nam,60.36,104.1,100.0,171.67,574,0,371.23
433,Mien_Bac,45.4,91.31,106.27,157.0,470,1,321.11
434,Mien_Bac,75.55,96.79,94.88,151.71,618,0,423.44
435,Mien_Nam,69.71,99.9,94.97,128.41,583,1,395.09
436,Mien_Nam,41.98,106.83,96.89,193.28,559,0,272.92
437,Mien_Bac,46.26,99.22,104.6,170.21,622,0,289.2
438,Mien_Nam,27.44,94.11,101.31,130.42,491,0,251.82
439,Mien_Bac,37.49,100.11,87.61,136.28,407,1,249.21
440,Mien_Nam,65.83,94.41,111.96,134.41,517,1,411.53
441,Mien_Bac,74.45,97.29,89.22,179.81,416,0,364.11
442,Mien_Bac,41.6,103.38,100.48,136.38,599,0,273.44
443,Mien_Bac,51.85,106.95,100.74,134.17,479,0,298.18
444,Mien_Bac,47.78,94.25,95.46,153.45,620,0,311.0
445,Mien_Nam,60.95,102.17,95.76,167.97,555,0,335.75
446,Mien_Nam,76.34,102.66,101.12,159.45,637,1,425.37
447,Mien_Bac,44.1,104.22,98.95,128.6,373,0,277.34
448,Mien_Nam,47.66,104.04,98.24,121.01,532,0,309.28
449,Mien_Nam,62.69,101.06,107.45,161.47,347,1,396.29
450,Mien_Nam,36.56,102.53,106.62,188.71,640,0,301.42
451,Mien_Bac,44.07,101.17,92.7,145.8,448,0,254.99
452,Mien_Bac,52.86,87.51,85.74,143.23,480,0,313.02
453,Mien_Bac,51.27,96.33,106.08,153.54,554,0,321.14
454,Mien_Bac,71.04,102.98,97.07,166.42,336,0,349.03
455,Mien_Trung,53.19,100.66,98.0,129.75,421,0,284.49
456,Mien_Nam,38.86,108.85,84.15,143.53,511,1,270.38
457,Mien_Bac,36.06,97.17,103.72,170.8,359,1,315.73
458,Mien_Bac,41.03,93.44,103.02,143.03,450,0,287.13
459,Mien_Nam,44.03,105.39,96.68,181.98,620,1,321.87
460,Mien_Trung,51.6,98.17,98.5,128.6,278,0,287.79
461,Mien_Trung,53.98,95.86,93.99,144.33,636,0,293.09
462,Mien_Nam,61.43,91.34,92.92,155.27,756,0,358.37
463,Mien_Bac,62.05,96.88,90.27,158.67,561,1,384.73
464,Mien_Nam,47.38,112.21,97.61,137.76,680,0,268.81
465,Mien_Bac,49.98,98.86,105.96,131.84,506,1,316.63
466,Mien_Bac,41.09,99.69,105.12,192.41,557,1,272.74
467,Mien_Bac,59.36,100.92,107.52,157.83,655,1,361.91
468,Mien_Nam,44.28,96.05,96.22,135.02,552,0,270.06
469,Mien_Nam,42.75,101.0,91.07,151.88,428,1,268.94
470,Mien_Bac,63.37,105.91,99.36,169.99,690,0,360.46
471,Mien_Trung,56.49,98.18,98.34,159.02,452,1,322.71
472,Mien_Nam,38.67,103.8,104.75,165.72,419,0,246.73
473,Mien_Trung,55.6,100.94,106.03,135.99,576,1,348.75
474,Mien_Bac,53.82,95.89,103.19,182.45,502,0,307.0
475,Mien_Nam,62.9,103.82,96.99,121.64,416,1,340.27
476,Mien_Trung,63.41,96.54,90.95,126.86,497,0,309.81
477,Mien_Bac,59.9,97.07,97.74,164.35,443,0,337.39
478,Mien_Trung,38.66,106.15,113.32,150.18,395,0,246.9
479,Mien_Trung,48.71,101.7,107.22,165.51,581,0,292.27
480,Mien_Nam,58.46,105.76,103.32,142.65,479,1,376.48
481,Mien_Bac,53.39,98.33,91.93,154.23,509,0,331.36
482,Mien_Nam,53.79,101.89,96.44,156.29,547,0,336.73
483,Mien_Bac,53.61,103.04,98.67,131.44,507,0,300.88
484,Mien_Bac,59.97,96.35,93.86,143.94,502,1,343.92
485,Mien_Bac,36.32,93.73,83.67,168.85,501,0,267.58
486,Mien_Bac,52.15,97.19,90.68,184.92,639,0,313.37
487,Mien_Trung,40.05,109.14,90.07,144.29,508,0,252.29
488,Mien_Nam,49.97,100.11,98.63,162.4,359,0,296.41
489,Mien_Trung,54.79,103.4,100.9,144.23,488,0,306.4
490,Mien_Nam,37.67,92.55,108.73,166.15,489,1,312.42
491,Mien_Bac,69.04,96.97,106.83,150.56,478,1,412.41
492,Mien_Nam,52.48,91.87,101.73,138.75,357,1,335.04
493,Mien_Bac,39.36,96.05,101.41,123.48,434,0,235.25
494,Mien_Trung,49.84,104.58,95.67,143.76,394,0,248.09
495,Mien_Bac,46.15,101.44,94.65,156.39,548,0,275.17
496,Mien_Bac,47.97,101.1,109.42,151.37,436,0,281.25
497,Mien_Bac,59.33,88.83,102.93,132.64,448,0,328.76
498,Mien_Nam,57.9,106.5,100.98,126.09,477,0,308.29
499,Mien_Bac,48.66,102.06,103.34,147.32,540,0,287.49
500,Mien_Trung,63.15,97.17,107.18,120.48,461,1,347.18
501,Mien_Trung,52.79,104.31,92.5,127.84,359,0,283.47
502,Mien_Nam,45.57,105.91,98.33,143.26,421,0,262.54
503,Mien_Nam,40.15,107.02,97.08,160.67,641,0,276.89
504,Mien_Bac,46.72,104.01,93.34,172.94,514,0,270.68
505,Mien_Bac,44.64,98.68,93.63,149.09,547,0,276.07
506,Mien_Trung,56.63,95.96,106.02,152.44,654,0,371.78
507,Mien_Bac,47.54,102.98,107.96,136.94,538,1,310.76
508,Mien_Nam,47.6,91.65,104.46,133.35,485,0,331.25
509,Mien_Trung,44.24,85.5,104.19,144.94,651,1,336.59
510,Mien_Bac,61.51,98.9,107.16,138.89,515,1,371.26
511,Mien_Trung,46.67,105.47,99.25,138.62,444,1,308.01
512,Mien_Bac,38.65,102.44,101.78,182.42,434,1,267.65
513,Mien_Nam,41.16,87.06,100.36,168.99,398,0,317.25
514,Mien_Bac,57.53,94.06,101.09,174.3,547,0,332.53
515,Mien_Nam,31.4,104.32,96.57,153.93,600,0,242.22
516,Mien_Bac,61.65,99.56,105.12,142.61,509,1,357.95
517,Mien_Bac,37.92,98.74,101.89,186.76,383,0,270.84
518,Mien_Bac,56.3,90.62,102.46,167.61,558,1,365.12
519,Mien_Trung,33.11,100.97,97.8,135.9,748,0,264.42
520,Mien_Bac,64.58,92.52,100.46,152.48,372,0,354.25
521,Mien_Nam,47.51,112.51,87.65,157.12,358,1,280.26
522,Mien_Bac,48.73,95.87,95.44,188.65,544,0,283.53
523,Mien_Trung,50.05,104.1,107.1,132.82,497,0,275.35
524,Mien_Trung,50.29,98.65,99.36,184.09,739,0,323.47
525,Mien_Nam,42.4,99.37,95.71,137.8,657,0,294.57
526,Mien_Nam,61.78,98.94,96.87,118.38,493,0,331.98
527,Mien_Nam,37.65,94.39,98.34,133.68,521,1,294.01
528,Mien_Trung,52.81,105.08,93.61,169.9,427,0,311.68
529,Mien_Nam,40.36,94.23,105.24,149.39,592,0,338.15
530,Mien_Bac,51.93,105.72,94.36,150.69,637,0,273.79
531,Mien_Nam,51.24,103.55,101.32,129.8,449,1,343.88
532,Mien_Nam,52.5,104.05,97.62,134.65,576,0,329.8
533,Mien_Bac,48.37,108.1,103.38,123.52,490,0,270.36
534,Mien_Bac,47.1,98.19,97.56,179.43,463,0,293.98
535,Mien_Nam,50.8,100.33,100.48,132.82,479,1,340.44
536,Mien_Bac,51.67,102.09,103.35,146.52,408,1,296.33
537,Mien_Nam,56.49,104.06,99.03,137.5,401,1,317.6
538,Mien_Nam,62.12,97.53,106.33,146.26,432,1,359.93
539,Mien_Bac,39.16,110.58,94.96,165.0,485,0,235.99
540,Mien_Bac,38.42,91.59,100.72,137.29,668,0,301.66
541,Mien_Nam,51.36,86.9,98.31,151.97,515,0,339.67
542,Mien_Nam,52.56,102.42,108.03,157.37,486,0,342.55
543,Mien_Bac,42.34,99.83,86.81,176.39,475,1,288.18
544,Mien_Nam,31.38,100.56,106.88,148.04,404,0,242.31
545,Mien_Bac,48.47,107.54,96.42,140.25,545,0,273.71
546,Mien_Trung,36.71,99.69,99.41,169.51,402,0,256.7
547,Mien_Bac,49.02,94.46,92.15,188.69,484,0,318.14
548,Mien_Nam,58.93,98.72,98.16,164.69,567,1,373.19
549,Mien_Nam,32.58,98.14,90.12,162.09,432,1,243.28
550,Mien_Bac,42.06,100.75,98.77,126.54,329,0,251.0
551,Mien_Bac,48.4,102.15,105.08,152.93,467,0,292.65
552,Mien_Nam,60.92,104.52,111.93,195.61,382,1,369.4
553,Mien_Trung,75.12,99.8,101.47,119.58,515,1,412.42
554,Mien_Nam,62.87,96.95,97.62,127.38,414,1,335.43
555,Mien_Nam,53.55,106.83,106.44,139.06,424,0,299.03
556,Mien_Bac,20.96,102.96,100.43,159.43,605,0,213.5
557,Mien_Nam,42.43,98.81,86.43,131.96,461,1,296.12
558,Mien_Trung,42.5,93.77,88.67,138.07,695,0,278.94
559,Mien_Nam,34.27,93.89,99.42,110.12,399,0,245.68
560,Mien_Trung,36.79,89.38,101.74,150.92,577,1,276.06
561,Mien_Nam,52.62,96.95,100.87,136.84,417,1,347.7
562,Mien_Bac,48.61,106.03,97.35,143.18,443,0,256.24
563,Mien_Nam,46.18,96.6,95.53,136.41,664,0,300.5
564,Mien_Bac,52.94,99.66,93.18,132.14,653,1,328.29
565,Mien_Trung,63.95,94.77,97.62,146.62,327,0,310.56
566,Mien_Nam,59.37,97.05,97.21,114.24,593,1,379.68
567,Mien_Bac,60.84,108.02,102.53,181.14,479,0,300.21
568,Mien_Nam,51.7,104.78,101.95,195.56,303,0,305.91
569,Mien_Nam,38.46,95.77,93.4,147.84,439,1,295.33
570,Mien_Trung,45.9,101.42,106.21,158.91,685,0,310.48
571,Mien_Nam,50.97,98.38,99.25,133.9,539,0,289.7
572,Mien_Nam,45.0,102.19,100.47,171.08,403,0,289.36
573,Mien_Trung,54.26,105.54,97.56,137.66,557,0,287.75
574,Mien_Trung,43.77,101.69,94.58,168.94,360,1,290.44
575,Mien_Bac,53.21,99.18,104.58,160.23,633,0,347.3
576,Mien_Nam,44.58,99.64,106.49,140.87,462,0,325.42
577,Mien_Nam,57.77,99.72,91.66,170.82,425,1,348.57
578,Mien_Bac,28.09,98.32,106.75,175.31,400,0,250.03
579,Mien_Bac,46.78,100.54,106.01,155.29,487,0,307.65
580,Mien_Bac,59.96,102.65,97.2,119.74,531,0,292.77
581,Mien_Bac,47.87,105.89,103.58,109.53,520,0,270.73
582,Mien_Bac,45.08,97.57,100.74,137.48,509,1,295.69
583,Mien_Bac,60.95,91.46,104.48,177.97,655,0,380.1
584,Mien_Bac,41.31,98.29,102.3,133.9,385,0,269.09
585,Mien_Trung,68.67,106.22,104.24,169.58,563,0,357.48
586,Mien_Nam,51.99,99.6,100.47,140.77,552,0,309.72
587,Mien_Bac,58.64,99.94,97.24,142.53,500,1,364.71
588,Mien_Bac,37.63,103.38,102.83,132.34,646,0,270.38
589,Mien_Nam,52.29,99.78,93.82,129.13,586,0,285.83
590,Mien_Trung,54.97,98.53,101.76,135.14,495,1,331.22
591,Mien_Nam,40.72,97.05,96.56,144.47,635,0,288.51
592,Mien_Bac,38.56,102.71,108.08,124.78,697,0,280.62
593,Mien_Nam,59.73,99.45,107.31,155.09,609,1,400.65
594,Mien_Trung,39.09,103.97,98.91,152.76,512,0,247.25
595,Mien_Nam,32.78,90.33,106.41,134.53,513,1,297.31
596,Mien_Bac,48.73,98.81,101.4,164.42,404,1,326.12
597,Mien_Bac,64.5,92.87,101.67,143.9,569,0,344.39
598,Mien_Nam,47.56,102.17,95.88,133.13,522,1,314.97
599,Mien_Nam,46.06,101.6,96.96,133.01,471,1,299.65
600,Mien_Bac,47.46,96.69,100.17,152.08,381,1,302.07
601,Mien_Trung,46.61,99.14,104.35,152.73,622,0,293.33
602,Mien_Nam,42.3,102.74,108.18,122.42,480,0,274.32
603,Mien_Trung,63.45,99.46,108.25,143.7,592,0,349.87
604,Mien_Nam,38.36,109.16,95.6,136.6,412,0,260.8
605,Mien_Bac,47.34,105.18,96.62,158.31,382,0,302.77
606,Mien_Bac,66.55,97.07,110.0,141.77,567,0,361.46
607,Mien_Bac,56.4,93.42,98.16,174.02,560,0,332.67
608,Mien_Nam,35.53,99.7,91.21,176.3,499,0,266.25
609,Mien_Nam,67.49,98.05,98.6,202.76,483,0,361.72
610,Mien_Trung,53.67,99.33,113.29,161.13,392,0,311.12
611,Mien_Bac,40.9,110.54,95.85,163.75,467,1,248.31
612,Mien_Nam,55.59,86.89,92.59,169.15,407,1,366.27
613,Mien_Bac,37.42,103.66,105.59,164.64,603,1,312.18
614,Mien_Bac,38.26,96.06,105.39,172.6,432,0,262.05
615,Mien_Nam,37.29,93.76,98.24,155.42,543,0,278.29
616,Mien_Bac,35.04,104.8,107.71,137.49,460,1,281.81
617,Mien_Nam,49.08,107.78,102.94,160.95,556,1,317.72
618,Mien_Bac,51.26,94.11,111.24,169.56,503,1,345.6
619,Mien_Nam,29.67,110.56,95.26,149.96,503,1,273.44
620,Mien_Nam,54.07,95.19,100.81,147.63,391,1,351.16
621,Mien_Nam,51.93,96.74,104.61,137.51,190,1,323.63
622,Mien_Bac,69.99,110.14,99.01,133.47,558,0,337.12
623,Mien_Nam,52.51,95.94,107.11,138.2,566,0,319.01
624,Mien_Nam,52.61,105.12,98.8,129.42,549,1,316.54
625,Mien_Bac,63.61,100.13,100.14,164.75,505,0,354.58
626,Mien_Trung,17.25,95.91,107.25,149.32,466,0,212.66
627,Mien_Nam,34.95,102.09,99.6,179.09,426,0,256.89
628,Mien_Trung,41.15,97.4,88.65,142.29,494,0,247.01
629,Mien_Nam,42.49,89.78,99.4,157.53,413,0,289.05
630,Mien_Nam,56.62,95.35,99.66,143.27,432,0,351.93
631,Mien_Bac,46.45,102.07,97.95,167.34,406,1,314.33
632,Mien_Bac,49.71,93.36,104.08,146.02,329,1,323.35
633,Mien_Nam,46.22,100.73,100.3,179.8,418,0,293.41
634,Mien_Bac,52.48,108.01,98.81,132.36,518,1,315.63
635,Mien_Nam,41.88,98.57,101.78,157.86,504,0,274.21
636,Mien_Nam,51.1,103.08,96.18,151.14,432,1,327.38
637,Mien_Bac,39.53,95.86,91.81,135.79,242,1,253.71
638,Mien_Bac,44.66,100.75,100.27,175.14,759,0,323.44
639,Mien_Bac,58.69,91.58,98.11,145.24,558,0,351.06
640,Mien_Bac,54.45,96.01,107.24,162.18,517,0,337.18
641,Mien_Bac,45.75,102.5,101.21,141.55,574,0,282.01
642,Mien_Bac,39.87,91.56,99.97,136.85,474,0,260.41
643,Mien_Nam,45.68,101.89,91.74,120.99,538,1,295.31
644,Mien_Bac,41.88,98.63,94.62,156.07,633,1,272.33
645,Mien_Nam,45.79,94.34,102.53,170.03,589,1,349.59
646,Mien_Trung,50.98,95.5,105.19,166.2,386,1,324.85
647,Mien_Nam,49.25,95.71,96.99,129.86,494,0,305.36
648,Mien_Nam,59.7,102.36,97.8,144.49,481,1,356.83
649,Mien_Trung,53.89,100.0,98.26,138.12,360,1,323.17
650,Mien_Bac,72.06,106.0,92.45,165.74,602,0,355.05
651,Mien_Trung,65.29,101.83,94.5,163.4,605,0,341.88
652,Mien_Trung,38.66,99.24,103.14,147.44,580,1,275.9
653,Mien_Bac,52.22,97.94,106.2,136.23,427,1,283.43
654,Mien_Bac,29.28,95.24,102.63,105.1,448,0,244.45
655,Mien_Nam,40.74,95.2,100.87,155.62,685,0,323.28
656,Mien_Nam,80.15,103.13,95.99,145.51,412,0,354.71
657,Mien_Bac,53.13,108.91,90.22,151.11,429,0,283.14
658,Mien_Nam,40.19,95.85,108.07,175.87,468,0,319.84
659,Mien_Bac,50.57,101.42,96.67,150.44,578,1,321.45
660,Mien_Nam,56.67,99.69,97.15,153.78,340,0,316.31
661,Mien_Nam,31.74,105.24,100.08,124.76,549,0,257.18
662,Mien_Trung,52.32,104.51,97.18,150.6,474,0,257.62
663,Mien_Nam,41.26,104.81,94.95,152.66,650,0,275.24
664,Mien_Trung,49.85,90.99,96.01,111.87,542,1,325.24
665,Mien_Bac,46.74,103.7,100.78,110.29,593,0,273.01
666,Mien_Bac,30.98,93.75,100.86,154.53,530,0,252.46
667,Mien_Bac,45.63,91.87,95.37,167.79,658,1,339.97
668,Mien_Trung,65.44,100.43,110.45,191.09,326,0,347.36
669,Mien_Nam,50.86,97.88,102.95,150.82,426,0,316.25
670,Mien_Trung,56.27,98.61,102.71,125.82,450,0,301.46
671,Mien_Bac,53.13,100.65,104.84,137.99,505,0,299.05
672,Mien_Trung,57.06,105.95,102.9,171.22,503,0,320.22
673,Mien_Nam,52.47,95.02,114.03,143.32,564,0,348.09
674,Mien_Nam,57.49,107.75,95.59,116.87,467,0,292.73
675,Mien_Bac,43.5,103.05,99.7,133.41,558,1,301.43
676,Mien_Trung,46.63,100.69,103.12,158.52,504,0,302.85
677,Mien_Trung,45.55,97.21,103.79,137.55,457,1,311.82
678,Mien_Nam,57.98,94.12,99.39,169.8,377,1,369.42
679,Mien_Trung,49.61,91.23,100.72,133.25,383,0,289.44
680,Mien_Bac,75.51,103.25,94.71,178.08,400,0,358.25
681,Mien_Bac,63.69,95.0,87.64,171.82,655,0,324.65
682,Mien_Bac,54.6,101.13,95.28,122.11,599,1,328.63
683,Mien_Nam,52.54,96.89,95.19,100.9,477,0,328.43
684,Mien_Bac,54.36,103.1,96.48,143.02,526,0,300.03
685,Mien_Nam,32.91,106.15,100.63,177.76,572,0,261.09
686,Mien_Trung,42.26,104.05,94.93,162.85,503,1,238.37
687,Mien_Bac,45.94,87.27,107.92,153.39,544,0,313.44
688,Mien_Nam,42.65,108.34,102.39,132.61,721,0,295.83
689,Mien_Trung,42.04,100.84,109.49,143.81,497,1,311.03
690,Mien_Bac,58.77,99.02,101.86,163.22,459,0,341.73
691,Mien_Bac,34.73,97.48,95.11,141.98,561,0,224.79
692,Mien_Bac,54.61,101.44,95.41,173.39,434,0,312.13
693,Mien_Bac,43.95,103.67,102.17,169.36,536,0,257.48
694,Mien_Nam,55.15,98.12,106.68,128.14,560,0,307.93
695,Mien_Nam,56.77,94.6,101.66,177.15,582,0,377.45
696,Mien_Trung,55.98,91.38,95.88,177.85,461,1,313.5
697,Mien_Trung,70.14,102.81,104.59,130.39,528,0,353.16
698,Mien_Bac,35.0,98.27,105.84,135.06,690,0,249.02
699,Mien_Bac,48.2,106.86,94.09,140.97,565,0,277.27
700,Mien_Bac,51.75,95.17,99.57,172.63,339,0,293.64
701,Mien_Bac,62.25,99.08,93.97,130.48,470,0,319.96
702,Mien_Nam,54.35,98.47,95.53,143.39,533,0,339.02
703,Mien_Nam,60.0,95.51,101.56,149.5,484,0,345.6
704,Mien_Nam,61.36,95.44,102.45,157.1,627,0,374.71
705,Mien_Bac,46.51,90.21,96.23,144.15,431,0,293.46
706,Mien_Bac,25.76,93.53,103.86,166.09,316,0,212.91
707,Mien_Nam,48.89,107.21,97.83,139.91,484,0,317.59
708,Mien_Trung,44.76,102.69,103.96,128.54,568,0,268.08
709,Mien_Nam,46.0,94.85,93.53,157.54,464,0,281.41
710,Mien_Nam,60.92,92.62,102.74,144.99,437,1,380.41
711,Mien_Trung,50.62,95.94,94.85,118.52,530,1,286.91
712,Mien_Nam,52.08,96.38,105.45,141.84,366,0,314.7
713,Mien_Nam,58.78,96.15,96.19,129.08,568,1,362.79
714,Mien_Bac,40.2,98.02,81.57,165.56,482,1,235.87
715,Mien_Trung,35.43,97.89,92.11,165.87,541,0,248.72
716,Mien_Nam,43.02,95.23,97.51,127.48,521,0,303.61
717,Mien_Trung,69.99,105.7,99.39,140.35,633,0,363.95
718,Mien_Bac,48.46,95.7,88.12,144.62,498,0,309.61
719,Mien_Trung,53.89,104.13,100.52,138.26,446,0,291.68
720,Mien_Trung,23.81,93.55,103.72,107.38,618,1,253.75
721,Mien_Nam,55.29,99.42,91.76,169.35,640,0,319.37
722,Mien_Bac,43.74,100.72,107.25,105.09,658,1,299.45
723,Mien_Nam,57.35,100.31,101.77,155.78,436,0,307.46
724,Mien_Bac,42.13,96.08,110.8,167.18,474,0,303.62
725,Mien_Bac,54.42,97.91,95.89,174.48,561,0,288.08
726,Mien_Bac,43.32,96.09,96.27,167.25,501,1,282.67
727,Mien_Bac,47.8,96.78,101.99,182.36,546,0,329.76
728,Mien_Bac,49.71,100.59,102.64,131.62,564,0,274.59
729,Mien_Nam,44.9,103.65,110.19,103.71,612,0,307.99
730,Mien_Nam,64.51,96.3,106.33,149.28,577,0,379.28
731,Mien_Nam,52.1,98.68,102.39,144.96,701,1,362.56
732,Mien_Bac,45.71,100.46,92.7,149.83,452,0,254.2
733,Mien_Nam,50.07,95.99,101.78,124.51,584,1,372.8
734,Mien_Bac,46.18,107.53,113.13,145.33,347,0,287.06
735,Mien_Bac,52.24,102.51,97.96,132.31,616,0,307.58
736,Mien_Bac,35.56,103.43,102.92,143.49,661,1,270.39
737,Mien_Nam,50.77,93.08,101.1,141.71,585,0,335.68
738,Mien_Nam,47.7,104.85,95.34,149.35,406,1,285.87
739,Mien_Bac,69.94,97.72,99.7,125.0,561,0,369.69
740,Mien_Nam,53.51,97.65,101.23,147.78,595,0,348.79
741,Mien_Nam,63.33,102.91,98.08,160.86,507,0,370.92
742,Mien_Bac,65.99,102.82,110.64,125.56,607,0,372.95
743,Mien_Trung,33.18,98.52,99.36,117.61,472,1,258.44
744,Mien_Bac,52.49,99.94,95.77,163.18,341,0,291.66
745,Mien_Nam,42.73,103.63,100.98,164.91,503,0,251.99
746,Mien_Nam,62.84,82.31,102.71,140.67,391,1,399.25
747,Mien_Trung,48.51,102.54,100.34,127.58,442,0,257.24
748,Mien_Bac,47.89,107.12,96.79,134.85,381,0,261.62
749,Mien_Nam,52.85,100.7,96.74,142.47,562,1,335.21
750,Mien_Trung,48.38,99.87,96.46,148.5,298,0,270.34
751,Mien_Nam,53.74,104.26,107.68,144.71,319,0,313.51
752,Mien_Nam,48.66,100.72,102.17,156.4,478,1,334.94
753,Mien_Bac,43.73,100.37,90.26,142.6,556,0,253.23
754,Mien_Trung,46.8,87.97,91.79,127.87,510,0,290.16
755,Mien_Nam,46.21,103.58,101.28,143.32,629,0,333.26
756,Mien_Bac,37.54,102.61,118.54,155.6,511,1,294.82
757,Mien_Nam,37.55,99.87,86.38,145.81,409,0,254.75
758,Mien_Bac,59.67,96.62,88.57,155.15,441,1,335.75
759,Mien_Bac,42.7,109.87,90.65,206.67,460,0,259.89
760,Mien_Bac,42.15,103.01,91.54,157.28,281,0,246.11
761,Mien_Bac,58.49,93.63,104.07,151.03,659,0,340.84
762,Mien_Nam,46.7,91.51,111.11,144.77,482,0,333.43
763,Mien_Nam,37.43,100.84,102.27,163.91,691,1,279.44
764,Mien_Nam,48.75,88.31,92.25,156.57,529,0,335.11
765,Mien_Bac,40.54,101.3,100.32,133.58,655,0,248.02
766,Mien_Nam,68.34,102.99,96.1,144.41,686,0,360.82
767,Mien_Trung,32.36,101.46,101.88,163.32,567,0,265.76
768,Mien_Bac,56.62,94.47,91.26,187.32,338,1,330.13
769,Mien_Nam,31.31,102.08,94.66,162.55,409,0,262.55
770,Mien_Nam,42.11,98.69,106.49,124.83,376,0,294.96
771,Mien_Bac,48.41,101.09,95.5,131.46,533,0,270.12
772,Mien_Bac,36.4,106.14,102.93,185.35,578,0,242.24
773,Mien_Nam,33.48,97.76,105.89,155.5,360,0,253.16
774,Mien_Nam,57.13,98.86,91.66,121.06,610,0,324.06
775,Mien_Nam,60.22,97.33,85.01,156.26,709,0,351.3
776,Mien_Trung,30.1,96.63,98.9,128.04,243,0,201.22
777,Mien_Nam,51.01,102.35,99.29,151.87,334,0,282.37
778,Mien_Trung,46.01,102.43,103.04,189.82,516,1,289.03
779,Mien_Nam,59.96,91.92,101.52,132.05,443,0,364.24
780,Mien_Nam,48.42,97.32,117.35,155.57,416,0,345.87
781,Mien_Nam,70.88,103.54,97.9,145.95,470,0,361.23
782,Mien_Trung,59.71,103.38,93.41,115.66,376,0,280.37
783,Mien_Nam,57.03,97.36,101.54,152.35,673,0,341.28
784,Mien_Nam,36.6,98.92,119.44,167.9,560,0,314.18
785,Mien_Bac,50.03,109.05,99.35,142.43,383,1,291.47
786,Mien_Bac,52.93,93.99,102.72,154.66,601,0,348.14
787,Mien_Bac,50.94,94.82,95.02,185.24,516,0,340.69
788,Mien_Bac,54.99,103.77,105.63,125.54,530,1,310.65
789,Mien_Bac,39.75,102.8,91.01,172.87,433,0,234.76
790,Mien_Trung,35.65,97.1,88.55,139.03,609,0,237.42
791,Mien_Bac,51.38,109.78,104.74,156.11,590,1,316.27
792,Mien_Nam,33.64,104.84,99.34,144.17,444,0,247.14
793,Mien_Nam,42.97,90.47,95.66,139.75,515,0,330.48
794,Mien_Bac,42.86,100.77,103.53,164.57,582,0,301.94
795,Mien_Nam,46.45,100.55,107.77,161.33,275,0,293.71
796,Mien_Nam,57.51,101.95,107.1,136.16,599,0,347.73
797,Mien_Nam,65.38,102.4,113.93,162.07,409,1,387.89
798,Mien_Nam,38.75,94.53,97.95,160.69,566,0,294.17
799,Mien_Nam,39.28,106.51,104.43,175.61,455,0,272.06
800,Mien_Nam,52.25,107.9,92.22,136.86,423,1,306.11
801,Mien_Bac,48.64,103.86,100.2,156.06,539,0,294.82
802,Mien_Bac,57.03,99.39,109.88,200.83,570,0,353.75
803,Mien_Nam,51.8,96.34,103.06,135.47,465,0,293.74
804,Mien_Bac,41.31,105.32,94.28,159.07,423,0,255.78
805,Mien_Bac,41.54,104.42,102.77,125.35,479,1,266.15
806,Mien_Nam,35.58,104.13,95.06,144.94,503,1,299.74
807,Mien_Bac,38.28,93.8,100.17,150.43,216,0,266.21
808,Mien_Trung,28.61,99.27,107.97,194.18,463,0,215.77
809,Mien_Nam,45.11,96.92,95.7,143.11,531,1,309.97
810,Mien_Bac,35.18,98.12,89.94,152.17,306,0,240.76
811,Mien_Nam,46.36,108.56,104.27,111.55,365,1,283.87
812,Mien_Bac,72.38,95.31,94.41,180.55,519,0,396.43
813,Mien_Bac,63.16,99.28,106.74,157.75,396,0,341.69
814,Mien_Bac,59.81,103.35,99.76,112.17,320,0,275.04
815,Mien_Bac,35.25,105.11,92.42,122.59,508,0,241.21
816,Mien_Nam,65.8,93.94,112.96,112.77,449,0,383.29
817,Mien_Bac,39.14,98.45,108.53,150.34,453,1,248.04
818,Mien_Nam,33.0,99.67,101.16,169.29,427,1,265.87
819,Mien_Bac,45.44,106.42,106.26,149.57,601,0,250.74
820,Mien_Bac,57.92,94.41,110.6,128.72,414,0,340.86
821,Mien_Trung,56.59,97.77,102.23,159.91,539,1,334.61
822,Mien_Nam,37.75,95.8,100.16,128.88,319,0,277.71
823,Mien_Bac,57.59,101.33,97.68,128.05,534,1,319.27
824,Mien_Trung,51.51,96.8,112.21,157.16,472,0,315.05
825,Mien_Trung,42.26,98.07,114.35,134.65,492,1,290.68
826,Mien_Trung,39.6,102.11,100.22,168.22,581,1,295.23
827,Mien_Bac,56.65,94.89,98.09,120.88,566,0,333.93
828,Mien_Nam,54.51,104.94,95.48,131.88,427,0,297.53
829,Mien_Bac,58.81,99.52,101.84,138.99,438,1,345.18
830,Mien_Nam,63.02,96.54,105.17,128.4,707,0,365.45
831,Mien_Nam,48.48,107.73,95.09,194.08,499,1,333.94
832,Mien_Trung,35.74,97.64,107.18,143.11,513,1,250.19
833,Mien_Bac,37.17,103.59,101.07,145.28,472,1,260.39
834,Mien_Bac,45.68,109.04,101.8,138.47,597,0,283.65
835,Mien_Bac,48.85,92.08,112.54,166.44,498,0,320.72
836,Mien_Nam,32.67,109.51,109.44,138.48,590,0,262.31
837,Mien_Nam,31.92,105.91,88.12,147.04,463,0,220.35
838,Mien_Nam,53.96,100.71,112.59,122.29,502,1,357.52
839,Mien_Bac,47.44,93.31,107.54,156.74,373,0,307.76
840,Mien_Nam,49.98,107.84,94.18,184.55,597,0,294.47
841,Mien_Bac,31.66,101.3,94.73,155.93,370,0,235.68
842,Mien_Bac,57.38,96.47,102.16,151.66,648,0,326.62
843,Mien_Bac,50.45,102.67,96.09,142.72,596,0,316.1
844,Mien_Trung,47.67,102.74,101.37,117.02,557,0,260.04
845,Mien_Nam,47.84,94.92,86.04,142.83,450,0,291.41
846,Mien_Nam,55.17,97.5,99.62,178.29,595,0,326.91
847,Mien_Bac,45.6,97.02,100.2,164.71,590,0,295.01
848,Mien_Bac,44.8,93.77,106.85,126.41,561,0,273.41
849,Mien_Bac,56.57,99.3,109.08,127.37,443,0,314.04
850,Mien_Bac,46.73,98.28,87.57,169.87,786,0,308.79
851,Mien_Bac,56.13,101.93,98.29,165.07,293,0,310.34
852,Mien_Nam,35.67,100.61,108.44,145.44,414,0,269.74
853,Mien_Nam,55.39,106.11,102.84,134.38,325,0,290.19
854,Mien_Bac,57.98,100.88,92.39,185.73,458,1,347.75
855,Mien_Nam,55.68,96.52,107.83,118.41,396,0,348.74
856,Mien_Bac,55.9,112.7,100.41,184.01,314,0,266.41
857,Mien_Bac,58.96,91.3,98.82,173.34,550,0,350.53
858,Mien_Bac,55.77,96.7,102.23,171.57,477,1,349.01
859,Mien_Nam,58.78,94.93,96.83,140.16,409,0,309.58
860,Mien_Nam,34.46,107.83,104.44,141.89,561,0,262.84
861,Mien_Bac,40.2,103.27,95.71,148.07,486,1,275.76
862,Mien_Trung,66.63,98.8,107.31,159.6,641,0,359.58
863,Mien_Trung,20.11,94.55,103.49,160.33,370,0,201.02
864,Mien_Trung,57.29,102.96,99.79,139.78,604,0,317.99
865,Mien_Trung,36.19,101.1,93.09,130.71,434,0,224.34
866,Mien_Trung,46.35,97.48,106.29,92.94,469,1,313.7
867,Mien_Nam,29.66,93.79,103.08,181.01,385,0,254.78
868,Mien_Nam,55.22,86.62,102.95,130.1,455,0,357.75
869,Mien_Trung,59.69,91.5,101.23,134.2,591,1,368.86
870,Mien_Nam,61.26,99.21,99.99,162.02,513,0,364.62
871,Mien_Nam,50.61,91.89,94.52,107.41,390,0,301.52
872,Mien_Nam,65.15,102.05,101.4,127.3,417,0,335.34
873,Mien_Bac,42.94,98.24,98.34,143.22,432,1,291.21
874,Mien_Trung,46.86,92.02,100.21,147.66,342,0,269.94
875,Mien_Nam,37.58,98.38,103.74,186.21,565,0,310.38
876,Mien_Nam,56.52,99.57,102.26,131.08,546,0,333.81
877,Mien_Trung,47.23,102.42,97.56,118.23,312,0,251.42
878,Mien_Bac,45.53,91.35,100.64,148.12,450,0,298.69
879,Mien_Nam,51.44,99.58,100.95,156.18,473,0,320.92
880,Mien_Bac,54.77,97.55,99.43,127.77,374,0,304.14
881,Mien_Nam,38.88,95.17,104.65,153.58,412,0,275.84
882,Mien_Nam,38.82,105.82,99.52,165.99,483,0,286.2
883,Mien_Bac,62.16,88.04,99.72,142.13,568,0,377.21
884,Mien_Trung,50.41,98.29,101.26,179.19,416,1,307.89
885,Mien_Nam,52.23,104.92,106.2,161.84,393,0,336.98
886,Mien_Trung,36.18,92.2,101.53,135.96,328,0,218.07
887,Mien_Bac,64.06,102.42,97.71,157.6,529,1,370.93
888,Mien_Nam,58.24,100.41,99.28,168.39,428,0,313.64
889,Mien_Bac,56.6,97.89,101.23,140.09,451,0,302.01
890,Mien_Bac,54.13,101.44,98.82,119.88,607,1,326.57
891,Mien_Nam,59.08,102.23,99.99,149.77,524,0,345.5
892,Mien_Nam,52.9,89.23,94.29,186.23,571,0,356.08
893,Mien_Nam,66.78,95.88,104.38,123.99,478,1,405.08
894,Mien_Trung,47.5,98.16,100.06,123.28,347,1,294.74
895,Mien_Bac,61.18,105.99,90.27,136.04,553,0,320.9
896,Mien_Nam,61.68,101.86,90.16,139.04,526,0,309.5
897,Mien_Nam,52.59,97.58,96.28,138.29,357,0,299.9
898,Mien_Bac,66.92,88.37,97.19,141.92,482,0,381.1
899,Mien_Bac,79.79,99.44,110.6,160.04,444,1,412.76
900,Mien_Trung,49.93,94.37,94.82,141.54,529,0,319.33
901,Mien_Bac,45.15,102.31,90.23,171.21,327,0,270.59
902,Mien_Bac,47.0,93.49,92.51,166.73,501,0,291.03
903,Mien_Trung,42.07,112.3,104.44,152.54,448,0,255.68
904,Mien_Bac,66.93,100.15,95.42,150.11,585,0,362.52
905,Mien_Nam,59.49,99.1,100.53,174.19,570,0,362.01
906,Mien_Bac,42.15,103.56,105.95,143.96,433,0,289.03
907,Mien_Bac,41.67,97.23,94.83,166.91,280,1,263.57
908,Mien_Bac,66.92,107.73,90.4,111.84,502,0,307.73
909,Mien_Bac,52.31,95.81,96.26,134.76,458,0,309.33
910,Mien_Bac,46.01,99.97,101.66,190.85,557,0,310.33
911,Mien_Bac,44.72,96.45,102.35,116.97,559,0,284.3
912,Mien_Trung,57.33,96.38,94.59,141.87,456,0,318.15
913,Mien_Nam,45.05,83.26,97.54,154.61,571,0,335.49
914,Mien_Bac,45.04,108.57,93.8,144.51,392,0,249.65
915,Mien_Nam,48.65,91.52,98.28,173.01,474,0,320.54
916,Mien_Trung,62.92,93.58,104.07,182.93,600,0,333.17
917,Mien_Bac,60.1,93.34,93.89,117.9,417,0,301.67
918,Mien_Nam,56.91,100.09,100.02,138.17,577,0,339.99
919,Mien_Nam,45.7,102.94,101.38,152.47,424,0,318.71
920,Mien_Trung,45.2,99.85,98.88,189.09,470,0,272.9
921,Mien_Nam,51.12,111.86,101.8,155.26,428,0,317.92
922,Mien_Nam,56.54,98.83,102.35,133.3,387,0,302.62
923,Mien_Nam,45.0,99.69,105.97,138.44,611,0,323.73
924,Mien_Bac,47.16,97.51,98.32,149.93,458,0,275.14
925,Mien_Bac,48.4,102.64,100.31,151.54,559,0,314.38
926,Mien_Nam,58.7,110.43,102.63,156.51,724,1,323.16
927,Mien_Nam,59.8,112.83,100.64,141.38,466,0,321.45
928,Mien_Nam,49.44,101.27,96.33,139.86,604,0,334.26
929,Mien_Bac,47.57,104.32,97.67,111.47,600,1,293.23
930,Mien_Bac,53.53,102.28,90.22,161.13,309,0,292.98
931,Mien_Nam,53.28,105.29,97.31,163.47,221,0,308.09
932,Mien_Nam,59.84,108.65,102.91,182.17,344,0,337.24
933,Mien_Nam,30.71,103.06,105.25,176.84,617,0,255.6
934,Mien_Nam,47.4,100.14,94.4,179.62,348,0,301.09
935,Mien_Bac,31.25,98.92,92.41,151.13,676,0,248.53
936,Mien_Nam,37.19,94.86,99.61,204.46,333,0,289.94
937,Mien_Bac,37.42,104.4,99.74,171.75,517,0,226.91
938,Mien_Nam,31.3,95.41,94.58,177.92,482,1,299.27
939,Mien_Bac,54.74,103.48,97.21,142.44,470,0,274.28
940,Mien_Bac,55.8,100.46,108.02,151.4,443,0,320.78
941,Mien_Nam,42.85,96.53,102.47,160.55,510,0,264.84
942,Mien_Bac,44.99,100.03,97.18,180.63,270,1,292.15
943,Mien_Nam,57.87,104.66,96.38,127.97,296,1,318.1
944,Mien_Bac,47.12,94.85,92.87,189.78,497,1,307.77
945,Mien_Nam,46.1,103.44,107.12,112.17,436,1,323.03
946,Mien_Bac,42.42,97.77,96.6,162.73,520,0,279.77
947,Mien_Nam,30.19,97.78,114.56,138.51,708,1,296.54
948,Mien_Bac,49.1,102.47,109.45,165.18,514,0,330.59
949,Mien_Nam,69.8,103.21,98.72,109.58,362,0,373.05
950,Mien_Trung,67.4,100.43,89.38,128.26,337,0,287.39
951,Mien_Nam,38.79,99.96,92.29,149.7,663,0,297.45
952,Mien_Trung,62.62,103.23,102.42,147.69,531,0,331.02
953,Mien_Bac,40.03,95.34,98.87,142.95,437,1,275.6
954,Mien_Nam,49.89,99.62,94.39,145.54,619,1,350.64
955,Mien_Nam,54.37,102.01,101.47,141.66,508,0,326.3
956,Mien_Trung,71.05,93.95,104.53,149.18,500,0,358.36
957,Mien_Nam,58.34,100.85,98.05,148.67,543,1,328.56
958,Mien_Trung,58.73,112.13,102.88,144.38,483,1,324.69
959,Mien_Bac,48.26,108.57,110.12,143.4,491,0,285.0
960,Mien_Nam,39.13,106.25,106.54,171.45,493,1,326.84
961,Mien_Nam,36.11,98.85,99.07,148.69,367,0,268.73
962,Mien_Nam,38.53,96.16,102.97,138.07,486,0,265.82
963,Mien_Nam,61.5,102.47,99.75,148.13,427,0,331.55
964,Mien_Bac,70.86,101.39,108.79,134.12,374,0,342.78
965,Mien_Bac,48.49,96.13,100.53,153.51,570,1,348.76
966,Mien_Nam,50.66,92.36,110.7,195.45,561,1,377.79
967,Mien_Trung,47.29,97.68,107.26,149.65,667,0,304.81
968,Mien_Bac,42.56,102.57,92.23,133.63,632,0,252.72
969,Mien_Nam,64.5,93.65,94.74,163.61,527,0,383.54
970,Mien_Bac,43.83,94.45,103.58,168.86,466,1,336.54
971,Mien_Bac,55.62,93.88,111.89,141.11,620,1,369.19
972,Mien_Bac,53.74,104.51,105.08,143.16,553,0,316.35
973,Mien_Trung,52.12,109.84,98.23,174.13,438,0,262.47
974,Mien_Nam,55.68,102.98,108.44,158.16,581,0,327.28
975,Mien_Trung,56.72,91.42,103.78,105.16,472,0,289.59
976,Mien_Trung,42.29,107.17,94.62,89.38,551,0,206.46
977,Mien_Bac,35.76,97.53,91.57,153.25,377,0,238.54
978,Mien_Nam,49.18,95.06,100.96,136.09,520,0,292.24
979,Mien_Trung,72.09,106.53,103.4,147.52,427,1,377.83
980,Mien_Nam,54.01,102.04,103.57,131.61,397,0,296.95
981,Mien_Nam,41.79,102.69,98.49,142.4,453,0,239.21
982,Mien_Trung,40.33,105.91,96.76,111.99,399,0,230.2
983,Mien_Trung,43.11,92.99,102.21,166.76,628,0,278.34
984,Mien_Nam,63.66,99.72,100.16,167.87,445,0,324.56
985,Mien_Trung,46.4,103.11,104.96,119.76,502,0,234.28
986,Mien_Bac,54.92,94.63,97.47,85.68,555,0,307.17
987,Mien_Nam,53.98,108.26,98.89,163.0,412,0,304.28
988,Mien_Bac,51.6,93.9,95.19,151.22,592,0,338.19
989,Mien_Nam,52.38,108.92,90.26,130.91,561,0,295.78
990,Mien_Bac,59.78,99.51,98.88,161.78,472,0,346.36
991,Mien_Nam,37.5,101.86,92.29,123.95,295,0,232.03
992,Mien_Bac,49.67,97.41,108.34,176.32,692,0,332.98
993,Mien_Trung,52.08,97.66,86.42,162.75,615,1,292.97
994,Mien_Nam,46.41,105.97,99.16,139.5,625,1,302.7
995,Mien_Bac,42.75,95.52,93.14,153.06,448,0,278.81
996,Mien_Bac,50.52,107.35,102.27,138.21,351,0,263.84
997,Mien_Nam,37.87,96.31,98.46,148.91,438,0,281.04
998,Mien_Nam,56.44,102.81,91.28,149.36,589,0,341.27
999,Mien_Trung,54.21,104.04,100.69,154.57,475,0,273.57
1000,Mien_Bac,43.26,107.17,105.71,116.13,391,0,246.71
