CustomerID,Age,Income,CreditScore,NumOfProducts,HasCrCard,IsActiveMember,EstimatedSalary,Exited
1,29,41261.53992596778,561.0,3,1,1,65277.19023718395,0
2,49,79689.82610276967,589.0,1,1,1,92244.26811858025,0
3,42,85920.27517964391,704.0,2,0,1,51509.521249816506,0
4,24,36403.109163891844,693.0,2,1,1,79647.59174954426,0
5,34,76080.6318815231,573.0,4,1,1,86843.99395416843,0
6,56,23572.827123489176,627.0,1,1,1,41818.4907427413,1
7,18,54218.11667762981,673.0,2,1,1,51185.50449843604,0
8,35,34029.25340939094,669.0,2,1,1,41192.21114696696,0
9,52,40064.669741298945,568.0,1,1,1,114947.48469763981,0
10,31,31699.657808801072,663.0,3,1,0,31747.87347959626,0
11,33,79135.19824183905,619.0,1,1,0,51861.3670089417,0
12,39,79145.01458645123,,2,1,1,113687.37687891844,0
13,54,42467.72346645776,639.0,1,1,0,139296.41430123796,0
14,33,72394.88990252893,667.0,3,0,1,52775.86298274592,0
15,35,68373.19342287432,644.0,3,0,0,136413.15314808756,0
16,35,56267.58897276017,683.0,1,0,0,64045.232567951,0
17,62,176519.20170997115,611.0,3,1,0,130361.87249995439,0
18,61,39405.49421456278,683.0,2,0,0,86551.04978072268,1
19,50,60430.69115426281,710.0,1,0,1,94510.56551584907,0
20,43,49558.36409171129,741.0,3,0,1,,0
21,47,49821.895441585584,729.0,2,0,1,118328.80626846633,0
22,54,64978.11781832681,623.0,2,1,1,70618.71575554443,0
23,30,51787.39149099537,678.0,1,1,1,104080.72994448418,0
24,51,,690.0,3,1,0,97901.11016840483,0
25,27,63845.0025745702,679.0,1,1,1,52581.02385282694,0
26,33,108365.566420863,687.0,1,1,1,121845.95300748022,0
27,49,96132.52922641754,671.0,4,1,1,83460.42695319024,0
28,25,66411.27235299972,622.0,3,1,0,78866.61491208487,0
29,38,41539.5570561354,660.0,1,1,1,95224.08863359182,0
30,31,65861.84973526772,692.0,2,1,0,131799.2533142452,1
31,37,,673.0,1,1,1,58608.941750514525,0
32,18,108846.5610153198,595.0,1,1,0,62746.18098410738,0
33,22,71821.80293498244,606.0,3,1,0,68421.86406104505,0
34,33,50007.14834648218,629.0,2,1,1,44544.20031096627,0
35,49,54215.5727618126,639.0,1,1,1,120805.98154728286,0
36,38,88267.10716226652,,1,1,0,81450.88352590683,0
37,40,84564.7632379269,601.0,1,1,1,32462.15766998558,0
38,46,24915.616016533153,689.0,1,0,1,110438.6079146129,0
39,31,83400.41994120234,557.0,3,1,1,36652.581783385394,0
40,42,85625.97918351319,676.0,1,1,1,107966.41046621298,0
41,31,38503.488582435544,675.0,2,1,1,70127.98447287109,0
42,22,40929.61990965634,682.0,2,1,1,99833.4572525599,0
43,36,41089.90673681654,,2,1,1,50354.66986910404,0
44,45,42700.60808333418,582.0,4,1,0,100108.5578287545,0
45,43,29546.63222396365,632.0,3,1,1,32124.12875685886,0
46,39,70167.870915487,658.0,3,0,1,145128.57689102733,0
47,63,,,1,1,0,131895.13183002028,0
48,44,57925.207016095555,609.0,4,0,1,54309.54041831011,0
49,49,46784.88453334621,714.0,3,1,0,58664.12969791573,0
50,62,68165.14221158491,666.0,1,1,0,140208.73853382946,0
51,27,36199.1647074664,630.0,2,1,1,49526.13630639312,0
52,29,67828.14655106154,600.0,1,1,0,87239.06413933734,0
53,57,72910.6756145759,653.0,1,0,1,96650.39008335937,0
54,32,90753.02943770189,712.0,3,1,0,,0
55,40,160489.5942150877,651.0,1,1,1,95471.02144120063,0
56,50,21079.34554829149,648.0,1,0,0,107408.97872617951,0
57,48,,653.0,1,0,1,133321.08754447562,0
58,57,,656.0,1,0,1,97236.96647909071,0
59,54,22915.538687693173,638.0,3,1,1,137056.34139169703,0
60,50,91392.17607584737,601.0,1,0,0,93214.53355929967,0
61,32,116797.83148510048,726.0,2,0,0,103058.36596206353,0
62,47,49329.91573095628,681.0,2,0,1,144551.81961218297,0
63,43,66673.17581462547,755.0,1,1,1,126345.80291749697,0
64,26,58108.16526693444,674.0,1,1,1,147044.72910170807,0
65,54,,638.0,1,0,1,92689.05141588353,0
66,48,93187.39229012377,602.0,1,1,0,52155.91518862736,0
67,40,71294.0754050041,633.0,1,1,1,,0
68,37,71323.76108499794,592.0,1,1,0,107999.39834017637,0
69,28,112641.79563650786,754.0,2,1,0,143885.9445947894,0
70,41,55258.017949891306,649.0,1,1,1,62538.375690863104,0
71,44,95190.1859641617,689.0,1,1,1,116302.12830461134,0
72,31,39779.20749882077,698.0,1,1,1,74898.88883845357,0
73,51,134006.32972385164,704.0,1,1,0,43141.251404103205,0
74,29,86769.68056578375,777.0,4,1,1,47526.46131494806,0
75,18,49031.59054003474,645.0,3,0,0,52738.80927111361,0
76,50,20844.09070557931,640.0,1,1,0,85925.29517522124,0
77,35,59990.67921011655,658.0,2,1,0,120521.64198452796,0
78,38,33229.56055178127,687.0,2,0,1,141674.10454269097,0
79,31,69697.31981090337,658.0,1,1,1,33552.18104143434,0
80,23,123956.28630114821,636.0,2,1,0,125997.72822447059,0
81,52,64999.167272440194,614.0,2,1,0,60384.9149149017,0
82,33,54890.38821079033,611.0,1,1,0,71599.8065691354,0
83,56,71196.75661498502,663.0,2,0,0,92556.32545547496,0
84,48,69211.68178351733,600.0,2,1,1,115520.37774372943,0
85,36,18410.340822900525,559.0,1,0,1,43252.50092391213,0
86,29,67681.50785676816,655.0,1,1,0,62012.42295093366,0
87,32,81816.8522634854,708.0,2,1,1,77953.758685719,0
88,27,52703.07194767865,683.0,1,1,1,94043.24201086538,0
89,60,,649.0,2,1,1,126930.64115085467,0
90,41,56289.45823695034,670.0,1,1,1,85475.21537423425,0
91,51,88044.63866842531,567.0,2,1,1,46059.648645961526,0
92,27,186960.45347625067,615.0,1,0,0,60412.903405413956,0
93,41,57176.84436946365,733.0,2,1,0,103949.69704766465,0
94,51,22720.74716880124,709.0,1,1,0,55099.32703411612,0
95,36,50706.22581429378,614.0,2,1,1,48446.93705334712,0
96,50,25315.062133343723,737.0,4,1,0,57849.40778961812,0
97,29,81447.89376234468,614.0,1,1,0,75421.43080293541,0
98,26,115471.07309943692,608.0,1,0,1,,0
99,43,84968.8223295201,726.0,1,1,1,115980.57119210421,0
100,36,70421.50382588469,715.0,1,1,0,124832.5655012453,0
101,46,43461.77575239951,620.0,2,1,1,25489.415556472268,0
102,20,131916.53806279722,647.0,2,1,1,79738.76016583333,0
103,47,87442.60788035697,632.0,2,0,0,55442.242614871364,0
104,65,69170.83682195,675.0,2,0,0,70726.07881212179,0
105,39,66471.59554454972,728.0,1,1,1,44293.80699358348,0
106,40,63444.0389867173,676.0,1,1,0,28710.12909107483,0
107,41,75222.67947134894,644.0,1,1,0,102950.46059535377,0
108,21,44153.887386195944,582.0,1,1,0,145098.05950469227,0
109,44,128633.78989865266,688.0,1,0,1,115536.13220267794,0
110,23,64748.75280265452,588.0,3,0,0,147325.80906105897,0
111,35,80993.73349807301,640.0,2,1,1,145487.75916572864,0
112,52,48306.24862396481,697.0,1,0,0,65974.58889015668,0
113,32,72370.86700725788,690.0,1,1,1,115975.76324432842,0
114,45,19172.33489503968,691.0,1,1,0,,0
115,50,34301.70711304482,684.0,2,1,0,81030.55796225349,0
116,42,59064.96770494346,657.0,1,1,1,61795.836246387335,0
117,26,30972.756861768823,665.0,2,1,1,141369.38416616403,0
118,36,,654.0,2,1,1,26226.910083346163,0
119,59,,674.0,1,0,0,71621.24660089795,0
120,19,71328.42650966259,676.0,1,0,0,147049.21192219714,0
121,37,137308.6263062123,656.0,1,0,1,37154.24991180729,0
122,34,,675.0,4,1,0,26046.52769685816,0
123,41,51379.06457651164,615.0,3,1,1,64352.19311703038,0
124,47,,634.0,2,1,0,30242.640546655573,0
125,56,84013.06366799373,661.0,2,1,0,96377.58409572837,0
126,37,40213.75984260342,746.0,1,1,0,100191.06399361447,0
127,48,56520.39278718381,,1,1,1,125966.21801976157,0
128,44,84770.18297292184,643.0,3,1,0,149427.6603003619,0
129,44,51439.432568725584,638.0,1,1,1,23835.681226724373,0
130,34,62683.58225362058,687.0,1,1,1,97474.89672591149,0
131,30,51537.073163790126,645.0,3,1,0,127688.35667649454,0
132,28,36945.570443629455,681.0,1,1,0,108626.33113337737,0
133,32,108735.66058477086,675.0,1,1,0,39942.49898469752,0
134,43,120407.00142008382,,1,0,0,99945.46670518917,0
135,47,51213.06039059457,673.0,1,1,1,44232.96848194847,0
136,43,52539.03845457823,673.0,1,0,0,,0
137,34,54893.497162652646,689.0,1,0,1,146295.20246030798,0
138,58,78550.85104149577,608.0,2,1,0,,0
139,55,38156.4353745918,704.0,1,1,1,91548.79806354146,0
140,36,57402.158631893006,641.0,2,0,0,37559.32057903388,0
141,31,68430.87350373137,749.0,2,1,1,121594.09787238449,0
142,41,82712.07796695955,737.0,2,1,1,125559.44979600424,0
143,52,,619.0,1,0,0,66236.19323942892,0
144,43,73408.97233206326,581.0,1,1,0,103737.82026716774,0
145,45,71326.50112760068,684.0,2,1,1,48555.28100351137,0
146,37,99306.26697316533,609.0,1,1,0,140174.4519135038,0
147,44,46118.42545368472,707.0,2,1,1,31286.950064292134,0
148,55,46301.203745983825,676.0,2,1,1,112134.85849031125,0
149,37,109464.78020519021,577.0,3,1,0,116765.30782963269,0
150,41,27460.983327464466,689.0,1,1,0,111854.11663190363,0
151,42,135488.89861364543,656.0,4,1,1,119252.25721901783,0
152,42,215355.8533648827,670.0,2,1,0,144872.12610465952,0
153,25,76177.82459872589,726.0,2,1,0,74577.71289248826,0
154,21,90142.68456673158,643.0,1,1,1,46113.507709879756,0
155,29,28490.015959037293,687.0,1,0,0,36863.85002345525,0
156,41,42396.45154983405,620.0,2,1,1,,0
157,45,101827.05508075513,621.0,1,1,1,79941.99746855746,0
158,34,71898.27233466611,639.0,2,1,1,34090.27033287718,0
159,53,54796.74699071559,618.0,2,0,1,127366.03949354767,0
160,38,67409.03965206392,678.0,2,0,1,83250.25764967955,0
161,40,77310.73375654599,583.0,1,1,1,126926.53059315382,1
162,38,51821.06421466985,691.0,2,1,1,104672.78560502136,0
163,41,59137.87545196009,611.0,2,1,1,139725.8642992368,0
164,47,58920.60589092106,668.0,2,1,1,129410.94344699635,0
165,46,35452.900585848874,,2,1,1,56071.237010916906,0
166,31,70537.31610237437,673.0,2,0,0,,0
167,55,147841.02181968992,704.0,1,1,0,136727.1644077875,0
168,29,142640.2358925661,650.0,4,0,0,87794.35867802805,0
169,40,28678.41973437636,727.0,2,1,1,116470.15719296152,0
170,37,79810.90682812422,643.0,1,1,0,26250.88863606315,0
171,29,84107.55972679125,670.0,3,1,1,101602.69015923348,0
172,39,48866.36516152614,603.0,1,1,1,115653.49535778198,0
173,32,37049.11796573636,671.0,1,1,0,92458.18362617705,0
174,40,30998.456258624017,621.0,2,1,1,56284.0800387819,0
175,44,48038.01481613652,613.0,1,1,0,,0
176,54,71475.09951595057,729.0,1,1,0,79786.4485531336,0
177,43,55440.782788212666,586.0,2,1,0,92221.38937833019,0
178,33,44206.77324101893,644.0,1,0,0,28110.27559009825,0
179,36,32129.231248145585,685.0,1,1,0,125952.04622983768,0
180,41,71500.37478369678,661.0,1,1,0,74888.47057405105,0
181,40,102269.93975162639,557.0,3,1,0,63203.189731558785,0
182,54,,680.0,2,1,1,138981.66304101862,0
183,53,75080.36283084462,581.0,1,1,0,53220.94736959366,0
184,36,23443.820458393795,627.0,1,1,1,38388.59014384422,0
185,34,43190.10887257661,,1,0,1,81297.40375860815,0
186,18,86413.73404054328,503.0,1,0,1,,0
187,34,34310.82690350374,644.0,2,1,1,25435.644418059986,0
188,30,44350.59833256025,683.0,1,1,0,113578.3344109086,0
189,36,121915.4749624729,641.0,3,1,0,87057.98873808712,0
190,43,41592.61269686436,659.0,3,1,1,107993.58839356474,0
191,41,39148.89325182512,763.0,1,1,0,108728.08960176275,0
192,39,80019.37102593492,706.0,2,1,1,60826.421685847294,0
193,41,159446.9625612312,652.0,2,1,0,42941.98310462136,0
194,38,53224.00884239423,779.0,2,1,1,22673.87743740127,0
195,41,88121.14296322479,618.0,2,1,0,22946.968468213498,0
196,18,117592.95794830547,675.0,3,1,0,133155.46257664793,0
197,37,70606.3895300405,571.0,2,1,0,86158.3800824423,0
198,38,,669.0,2,1,1,62401.39631831079,0
199,36,38713.22190233439,644.0,1,1,1,138582.97466151067,0
200,37,29421.893725972823,653.0,1,1,1,140505.45927176348,0
201,47,104605.42711756364,668.0,1,1,0,89790.91443090285,0
202,34,65681.88306923547,664.0,1,0,1,91619.69222597058,0
203,62,116832.9379264273,596.0,3,1,1,102343.33693898612,0
204,46,98377.01805194082,630.0,1,0,1,110743.14782068702,0
205,39,44073.52677033845,650.0,1,1,0,63488.75739495938,0
206,37,33145.309462341305,578.0,1,0,0,116311.38760224654,0
207,39,73749.87893730837,690.0,2,1,1,22547.358743818164,0
208,30,43732.481950254376,744.0,1,1,1,125175.339485531,0
209,39,72434.9655737422,665.0,3,1,0,107862.78625613717,0
210,42,41627.81582214128,623.0,4,1,1,133111.010026565,0
211,45,39006.64185576193,534.0,1,0,1,100695.68588334636,0
212,45,55915.92131745683,573.0,1,1,1,97932.54791384088,0
213,37,95716.89962063225,666.0,4,1,1,50121.48413080928,0
214,25,69938.375889219,713.0,1,0,1,74149.54912653187,0
215,33,108151.40424590418,638.0,2,1,1,121803.41425174796,0
216,56,32380.737056357633,575.0,2,1,0,86067.13117939055,0
217,48,35367.94818351331,606.0,2,1,1,116483.4839858606,0
218,43,57383.83897026713,621.0,3,1,0,147467.10843003995,0
219,32,177185.1540435622,553.0,1,0,1,79084.49236779087,0
220,40,84056.36779765159,634.0,2,0,1,46935.16696732996,0
221,27,35199.72222366415,694.0,4,1,1,77754.97105141747,0
222,34,57758.720119505495,565.0,2,1,0,63776.72696629313,0
223,37,67000.62566444944,622.0,1,1,1,47514.29668779273,0
224,36,45150.51514541268,548.0,1,1,0,148621.4607508278,0
225,49,81530.8974118073,609.0,3,1,0,78769.3570812243,0
226,25,55485.48711533841,642.0,1,0,0,147471.3199308038,0
227,31,51659.76316266775,701.0,3,1,0,,0
228,26,112671.10007494444,672.0,3,0,0,69620.58564297564,0
229,27,25521.31821006448,590.0,3,1,1,20038.673564858633,0
230,41,37093.50516424608,654.0,2,0,1,71239.20918073878,0
231,23,39872.62792262615,633.0,1,1,1,60479.72126563652,0
232,47,39271.69487608542,649.0,3,1,0,79634.32597561454,0
233,37,41677.77610336435,640.0,2,0,1,94118.06396345259,0
234,40,76598.88658273807,665.0,3,0,1,101609.30796321318,0
235,43,103815.05268252741,659.0,1,1,1,37181.83577960283,0
236,35,94856.49708414187,693.0,3,1,0,100492.71862504643,0
237,50,36037.623824813185,655.0,1,1,1,90745.34777296132,0
238,38,56862.47384558973,734.0,1,0,1,36456.99402963476,0
239,45,75224.51453277159,675.0,1,1,0,46627.7907008667,0
240,38,67649.91095561256,723.0,1,1,1,89038.03682876179,0
241,42,,686.0,1,1,1,105883.95837794743,0
242,42,42805.964247233365,616.0,2,1,1,42020.48554749193,0
243,42,64877.72034924251,712.0,2,0,1,106229.15666174727,0
244,30,49290.393535482755,709.0,1,0,1,60744.154471046204,0
245,44,68025.46169387779,506.0,3,1,0,127841.4390225825,0
246,36,34984.18512765373,622.0,1,0,0,70500.31580101114,0
247,46,37708.129271142025,722.0,1,1,1,125807.75825067709,0
248,18,41649.49036184807,702.0,3,0,1,50486.72945315894,0
249,25,45263.904587452605,576.0,2,1,1,115988.04686089727,0
250,43,130100.36551906855,692.0,1,1,1,89486.60571458185,0
251,58,107990.74395918738,736.0,4,1,0,103927.01755766355,0
252,48,,680.0,1,0,1,79076.04542727533,1
253,33,65418.900116957026,576.0,1,1,1,148128.6467466161,0
254,23,27034.84401750087,610.0,1,0,1,110349.24138357378,0
255,47,54855.27694587129,670.0,2,0,1,70530.05837786979,0
256,39,64984.70398388832,639.0,2,0,0,116304.91874884072,0
257,45,106397.98820943355,713.0,2,0,0,115564.33688243107,0
258,41,70650.62263618076,686.0,2,1,1,35929.532160761955,0
259,40,74499.28973710081,748.0,2,1,1,50095.830479823664,0
260,69,,,1,1,1,112440.7121206542,0
261,39,68637.92036844199,677.0,1,0,1,67799.73135309237,0
262,38,29843.43773375237,634.0,1,0,1,72862.59669699364,0
263,38,48713.96419247506,720.0,1,0,1,84521.40322549059,0
264,34,122951.25321491777,650.0,2,1,1,121215.28071990369,0
265,49,90585.37566571924,,1,1,1,,0
266,36,76819.75331884767,652.0,1,1,0,56118.29998511981,0
267,46,62035.215568233725,645.0,2,1,1,108317.29621834758,0
268,42,83434.78094136687,600.0,1,1,1,132371.78724177543,0
269,52,37408.57131639815,691.0,1,1,1,87795.58375152295,0
270,44,27229.876771718576,642.0,2,0,0,111104.39172677642,0
271,27,49565.81022683039,669.0,1,0,1,128522.21994867935,0
272,26,78516.2877937324,610.0,1,0,1,40518.272229263384,0
273,54,63323.68965901055,641.0,1,0,1,97930.13343250069,0
274,33,99616.11031336297,688.0,2,1,1,114923.6651658559,0
275,26,71526.62947008057,637.0,3,1,0,36247.98198607111,0
276,33,61360.46040239115,631.0,1,1,1,79157.31995973564,0
277,52,116522.80899765804,759.0,3,1,1,43075.7829657659,0
278,25,,665.0,2,1,1,80222.98815431821,0
279,31,57128.259782491055,686.0,1,1,1,21042.15711380007,0
280,33,34564.24034972906,687.0,3,1,1,116198.49606996152,0
281,27,38117.13109415616,654.0,1,0,0,,0
282,28,55346.80827479771,676.0,3,0,1,127647.81387988769,0
283,24,49945.82262148993,601.0,1,1,0,124934.9287347596,0
284,35,137445.25978189803,722.0,2,0,0,27214.65721292419,0
285,36,25900.894058678132,712.0,1,1,1,57835.79602991099,0
286,33,58102.905358471005,659.0,1,1,1,51137.57156279105,0
287,23,35206.52090828097,650.0,3,0,1,82215.02865653942,0
288,52,63608.397429078854,588.0,2,1,0,139552.02118350487,0
289,26,72637.18484595692,701.0,4,0,1,44271.38617532867,0
290,42,49003.71320900754,637.0,1,1,1,122359.1085943472,0
291,29,78224.6854976388,680.0,2,1,1,66167.69472844545,0
292,46,54327.52974742191,577.0,4,1,1,,0
293,49,54852.4446708623,681.0,2,1,1,66412.05551509127,0
294,31,48686.42284390481,641.0,2,1,0,47021.91290304454,0
295,20,83076.07103865051,650.0,2,0,0,46419.84462259518,0
296,46,64302.29316096525,579.0,1,0,1,148314.04161767598,0
297,58,,683.0,1,1,1,58887.67504422546,0
298,44,113222.73678983541,619.0,1,1,1,123936.51519016438,0
299,41,79141.06286130295,647.0,2,1,1,20918.901662630164,0
300,48,20381.420767394655,690.0,3,1,0,28531.958318546098,0
301,47,28564.948983679853,645.0,2,1,0,99455.37055336169,0
302,31,98245.53934175853,749.0,4,1,0,108986.93647240389,0
303,33,47300.70888859969,605.0,4,1,1,103697.25031530323,0
304,46,67475.6263164624,662.0,1,1,1,133311.17608863657,0
305,38,43776.925444147004,670.0,2,1,1,49388.71427973229,0
306,53,77733.62185450524,599.0,3,1,1,61824.40141434141,0
307,32,96867.06108928716,654.0,2,1,0,93180.48764666509,0
308,47,32770.56462274165,640.0,2,1,1,39245.846296744196,0
309,43,39947.210679158765,661.0,2,1,0,87820.45458318102,0
310,38,26114.229453507447,672.0,2,1,1,99257.24028744246,0
311,51,67427.18117406778,719.0,3,1,1,81351.16081641085,0
312,46,26093.97257427145,664.0,3,0,1,121592.57352954146,0
313,29,49964.04839860728,677.0,2,1,1,,0
314,46,77800.67719781066,724.0,2,0,1,55075.91315311357,0
315,53,167903.7719958045,570.0,1,0,0,54560.79736652977,0
316,38,,636.0,3,1,1,33419.34132885628,0
317,37,112256.55633087772,651.0,3,1,0,148561.07085945643,0
318,33,68300.97102289637,572.0,1,1,1,43295.30301431328,0
319,39,70032.97950704166,653.0,1,0,1,36606.29560757792,0
320,46,53994.549880700084,,1,1,1,89383.39449622393,0
321,31,49536.48633707783,685.0,1,1,1,125427.23972482012,0
322,26,107935.47965412564,576.0,1,1,1,31697.98012932211,0
323,36,72362.03176038188,587.0,1,1,0,54608.91958355,0
324,26,70986.7141344505,676.0,1,1,0,140915.40809295516,0
325,45,44267.77262260707,566.0,2,1,0,86430.86811051409,0
326,35,50492.44375681304,752.0,2,1,1,42528.0706644143,0
327,22,168694.57033612247,655.0,2,1,1,48574.11199140031,0
328,36,58008.737572851605,,2,1,1,117175.96524833057,0
329,38,116446.11013280813,710.0,2,1,1,79508.62305105318,0
330,44,,646.0,1,0,0,95013.7354326761,1
331,38,89578.61754197441,662.0,4,1,1,112559.21840691869,0
332,58,,642.0,4,1,1,44058.07990260452,0
333,34,49032.72878603185,624.0,3,0,1,127857.57870750767,0
334,39,82982.1904179164,668.0,2,1,1,25229.477352676222,0
335,38,27732.988017122723,676.0,2,1,0,39826.47349765742,0
336,37,79970.29687629186,586.0,2,1,1,137076.6820885634,0
337,41,88925.2539117747,605.0,1,1,0,33651.20778470012,0
338,45,68777.80947953109,617.0,3,1,1,88280.56988908707,0
339,53,115561.91078606721,648.0,2,1,0,50129.21578484621,0
340,24,57991.37745207352,667.0,1,0,1,106328.40417887582,0
341,34,55688.57281139343,757.0,2,0,1,135848.38653317376,0
342,35,71655.09969123937,663.0,1,0,1,130230.2987687583,0
343,49,,641.0,2,1,1,117918.86770655183,0
344,36,79779.35960620332,614.0,1,0,1,105306.10261785016,0
345,21,53572.61508326639,699.0,2,0,1,145424.74542979314,0
346,40,36478.777007584955,649.0,2,0,1,43665.8232325649,0
347,39,83603.40008988541,667.0,1,0,0,101472.09399923225,0
348,41,40429.46800263036,649.0,1,1,1,140530.83981954056,0
349,29,39853.366391461524,677.0,4,1,1,46591.5400541104,0
350,57,43251.113304917584,673.0,2,1,1,58159.461842351084,1
351,36,61756.483478556846,668.0,1,1,1,119731.59713221646,0
352,38,40293.748388252236,650.0,1,1,1,119010.95659623478,0
353,30,34004.76098656345,654.0,1,1,1,104384.33625080141,0
354,30,43160.40784680435,669.0,3,0,1,,0
355,27,54744.59580088665,,2,1,1,80842.54379108852,0
356,36,75300.50161177671,648.0,4,1,1,106477.2926532719,0
357,30,62052.32728804903,699.0,2,1,0,124624.00552037088,0
358,60,,625.0,1,0,1,129849.47462850453,0
359,21,67267.39373959845,545.0,1,1,1,110202.10249158663,0
360,28,70507.7281472278,580.0,2,0,1,94722.96181271183,0
361,35,47792.22488774796,653.0,2,1,1,64464.08642056138,0
362,46,40294.76391356171,613.0,2,1,1,115513.93312908543,0
363,35,40287.026143200106,656.0,1,0,1,65801.41127841838,0
364,46,45990.66328394518,,1,1,1,86959.86194590258,0
365,30,181538.10570198938,626.0,2,1,0,23214.48836577601,0
366,40,38467.293386897465,604.0,1,0,0,39401.30555196665,0
367,57,68534.97136116192,659.0,1,1,0,60257.95548360329,0
368,30,41984.1960957153,653.0,1,0,1,,0
369,44,46588.466212596715,643.0,3,1,1,94058.95820753675,0
370,42,42151.75592447885,693.0,2,1,1,46184.14942960035,0
371,18,89563.31050730268,660.0,2,1,1,88864.94834541764,0
372,34,72522.61733805749,620.0,1,0,1,102832.78891925224,0
373,51,56242.4979072268,632.0,2,1,1,78116.9054558168,0
374,41,77154.66437831764,646.0,1,1,0,90515.5285927098,0
375,27,87014.72958154521,656.0,2,1,0,,0
376,46,39212.165342525266,716.0,1,1,1,52641.3026262084,0
377,35,78883.39652912162,734.0,2,1,1,120848.56176227286,0
378,43,41910.17845627449,626.0,1,0,1,58395.22041184946,0
379,19,336576.3842039073,306.0,1,1,0,22330.514652611047,0
380,28,86872.6976719011,622.0,1,1,0,117569.46267874197,0
381,47,73419.97867162534,671.0,2,1,1,58781.341947108725,0
382,29,54021.46089588162,691.0,2,1,0,55506.23472800587,0
383,26,46121.99405332955,629.0,1,0,1,69453.43613372606,0
384,31,52590.22220817082,604.0,1,1,1,80146.48976869273,0
385,36,88139.60203425764,669.0,1,1,1,124611.67186793886,0
386,41,,681.0,1,0,0,40720.47635998359,0
387,32,61508.79558368202,701.0,1,1,1,89257.8730385173,0
388,47,25041.38803895621,618.0,1,1,1,21255.26130383151,0
389,42,68342.5043513197,666.0,1,0,1,28083.100567414414,0
390,33,35751.07553246328,568.0,2,1,1,104946.38999526529,0
391,48,31039.984510719685,644.0,1,1,1,140608.69396756368,0
392,51,77765.82001259996,685.0,3,0,0,27866.158084143048,0
393,39,66653.8845194699,724.0,2,1,0,55192.39449088919,0
394,37,48069.881531257386,665.0,2,0,1,31622.54469288321,0
395,22,51588.39398088158,637.0,2,1,1,25772.238132353308,0
396,35,186766.92441368202,579.0,2,1,1,96913.41788334206,0
397,37,54449.43188972202,661.0,3,1,1,134536.89998954482,0
398,42,,681.0,2,0,1,,0
399,38,83137.61125375697,700.0,4,1,1,96270.23265858318,0
400,42,62674.25334538469,662.0,1,1,0,42813.69144630519,0
401,55,,,4,1,0,73049.83738503978,0
402,34,68928.44676718883,677.0,2,1,1,57928.04980739819,0
403,35,87784.86746846251,734.0,1,1,1,41426.09455129793,0
404,26,74889.20605437177,636.0,1,1,0,63336.79680741835,0
405,39,82847.07550969426,609.0,2,1,0,113040.21299820374,0
406,49,58733.95899144593,633.0,4,1,1,42958.68324443392,0
407,22,67061.38881481433,649.0,3,1,1,73911.42493997325,0
408,33,52395.819919784684,623.0,2,1,1,97162.75603114584,0
409,40,81160.55196760046,685.0,1,1,1,145088.67026306398,0
410,48,30609.95307435825,671.0,2,1,0,49821.22910731385,0
411,43,86264.02981166677,633.0,2,1,0,96213.40003328914,0
412,43,98825.65502913957,649.0,3,0,0,24090.092995016425,0
413,37,86940.6281975694,573.0,1,0,1,52544.88590693021,0
414,44,56956.949039822255,666.0,1,1,0,86881.74238883026,0
415,50,77243.2217642172,580.0,1,0,1,85493.14643366104,0
416,22,40692.96503519234,636.0,2,1,1,149850.6765828809,0
417,47,91185.47957088047,626.0,2,1,1,45256.00174504588,0
418,39,34630.57342601532,,2,1,0,102129.67709167092,0
419,34,80738.06286249658,627.0,1,1,1,28227.789960178496,0
420,18,78309.83952464587,647.0,1,1,0,134494.12504263883,0
421,26,73531.10252780767,724.0,1,0,1,31521.39538086841,0
422,56,47980.88680751379,,1,1,1,81659.22293964346,0
423,33,87744.36806632188,655.0,2,1,1,116135.39091047579,0
424,29,23943.864965556102,693.0,3,1,0,90224.73075864528,0
425,35,88495.83319880418,618.0,1,1,0,58606.99009222667,0
426,32,66026.98466245222,651.0,2,1,1,130084.01710533176,0
427,41,101476.16045119982,581.0,1,0,0,121838.21782711899,0
428,55,,569.0,2,0,1,136595.06437051797,0
429,34,150421.2416024447,686.0,2,1,1,96377.4568499631,0
430,41,37466.03898186323,633.0,1,1,0,77996.05854007442,0
431,28,81373.38235790898,584.0,4,1,0,125320.17502888474,0
432,55,38526.34594978753,626.0,4,1,0,108864.26621848963,1
433,41,56325.731422988,680.0,2,1,0,53093.533102083275,0
434,29,86967.1843432797,677.0,4,1,0,,0
435,49,82027.92395465134,702.0,1,1,1,96312.49799921064,0
436,51,169713.87017507906,624.0,1,0,1,25434.653910981506,0
437,41,50332.00693628508,618.0,3,1,0,36346.23250511254,0
438,23,114130.80858306309,666.0,2,1,1,76780.47052942257,0
439,57,52836.089403627586,700.0,1,1,1,52863.66490854591,0
440,43,42262.26121948297,631.0,2,1,0,125597.90607755152,0
441,21,489901.5649713585,324.0,1,1,1,79712.42554028261,0
442,34,65084.07366836775,633.0,1,1,0,,0
443,36,46232.90432519069,751.0,2,0,0,57609.22621450187,0
444,41,91661.57363748208,564.0,2,1,0,28856.7350509771,0
445,51,46069.18022882486,726.0,2,1,1,144710.32540078147,0
446,41,47277.93912547453,575.0,1,0,1,63467.83232871019,0
447,27,71641.33418169945,711.0,2,1,0,101639.79391977847,0
448,42,141875.86161745488,654.0,3,0,1,74657.32158052162,0
449,56,34814.00059265645,,1,1,0,116134.80715640374,0
450,40,99798.28158560846,604.0,1,0,0,102958.13996604437,0
451,41,92888.25505176368,603.0,1,0,0,98720.54417050934,0
452,27,53724.63115277886,684.0,1,0,0,44078.742821703476,0
453,25,,673.0,3,1,1,110318.31212971345,0
454,33,52050.08088562673,640.0,2,1,1,101130.97300524838,0
455,36,196377.492536718,648.0,2,1,0,73675.44617210272,0
456,41,56729.64515530503,606.0,1,0,1,,0
457,41,62461.5775811056,643.0,1,0,1,128827.20077844936,0
458,56,50980.78299247353,694.0,1,1,1,42479.12326474587,1
459,40,25728.96856087722,604.0,1,1,0,108804.77267804308,0
460,50,52602.72225401055,676.0,1,1,1,63012.444354538806,0
461,39,67380.99790607538,626.0,2,1,0,67761.355563611,0
462,54,127078.6102161337,573.0,2,0,0,76124.24886742551,0
463,21,76732.32955285347,703.0,1,1,1,137183.51660267322,0
464,34,54579.2333242488,,2,1,0,22180.35404905221,0
465,49,61825.5159434275,626.0,2,1,0,,0
466,38,70669.54705788032,703.0,1,1,1,104878.77427286134,0
467,49,49643.205487168896,610.0,1,1,1,25589.263443794393,0
468,43,84391.19492475383,697.0,2,1,1,,0
469,49,135218.04738360367,627.0,1,1,1,100414.89946339806,0
470,46,50037.37333801696,645.0,1,1,0,117261.50210701447,0
471,46,109739.53508928034,744.0,1,0,0,20713.571942829807,0
472,54,92991.46496183281,706.0,1,1,1,64749.22392377748,0
473,49,78489.66756496728,654.0,1,1,1,64594.66647615768,0
474,49,63453.50109882142,617.0,2,1,1,,0
475,40,71039.53106860639,651.0,2,0,1,43925.53746092772,0
476,34,53820.15231013937,732.0,1,1,0,81913.8679894371,0
477,33,150321.87284556884,758.0,3,0,0,43110.09849824528,0
478,47,41894.01532318553,619.0,3,1,1,44220.80957955483,0
479,18,105828.18781005181,722.0,3,0,0,99202.98609580123,0
480,26,130217.40800271214,571.0,1,1,1,,0
481,30,51048.563023988565,679.0,3,0,1,67488.7454808258,0
482,37,107476.05105537675,668.0,2,1,0,,0
483,18,64478.71925545749,702.0,1,1,1,50963.99990474753,0
484,52,61900.26473753796,608.0,1,0,1,62867.58261407611,0
485,46,57804.273897270235,657.0,3,0,1,49004.919444496874,0
486,59,,556.0,2,1,1,74954.3866413316,0
487,50,78909.88785437211,618.0,2,1,1,47498.27415997664,0
488,50,,649.0,1,1,1,36187.968736863084,0
489,62,,659.0,2,0,1,120496.01932615739,0
490,34,91653.3835032958,789.0,2,1,1,135456.42167265015,0
491,24,57497.522853996496,624.0,3,1,1,,0
492,37,34743.75781782242,651.0,1,1,1,50594.811061369226,0
493,31,98818.96552448947,592.0,1,1,0,124267.53758384667,0
494,37,139402.15786510712,555.0,2,1,0,77191.88754178582,0
495,29,40334.95177543662,694.0,3,0,1,53089.70612266469,0
496,45,66836.23743241382,695.0,1,1,1,43487.688939691194,0
497,45,29208.994959107724,581.0,1,1,1,28805.444885084937,0
498,39,58752.9228800485,565.0,1,0,1,85054.24465164523,0
499,43,76506.65753473456,618.0,2,1,1,102066.16129368987,0
500,38,144142.06347220577,733.0,4,1,0,,0
501,47,130729.64607663975,575.0,1,0,1,117588.90478983015,0
502,40,136400.2711081388,684.0,3,1,0,127757.2923550034,0
503,37,46099.338067920515,656.0,1,1,0,49687.25393947589,0
504,49,53077.97336512597,634.0,2,1,0,120991.23491699518,0
505,52,26106.696433687368,619.0,2,0,0,43572.189218281565,0
506,53,41962.09907987255,662.0,1,1,1,104257.32163303357,0
507,30,29032.908465812507,634.0,2,0,0,130589.11295717058,0
508,34,72032.18338048036,630.0,1,1,1,20329.910560618908,0
509,22,42344.96652429702,639.0,1,1,1,148848.13954418307,0
510,37,34592.380024881066,705.0,1,1,1,24074.337016556812,0
511,44,50231.25006494244,660.0,3,0,1,103666.38562591907,0
512,38,33178.63299540762,653.0,2,0,0,38355.31765989821,0
513,59,70025.04558417125,719.0,1,1,1,149742.90670074403,0
514,35,69170.07377823643,636.0,1,1,1,31571.02030167372,0
515,29,51238.349594618914,721.0,1,1,0,147816.64960320643,0
516,45,41637.733940767284,616.0,1,0,0,73128.84312698588,0
517,41,30711.091463439054,676.0,2,1,0,43697.7815822223,0
518,45,79203.68811510844,633.0,4,1,0,53149.63108990923,0
519,43,67269.36498444279,646.0,1,0,1,95442.94234130705,0
520,42,75679.11981188298,617.0,2,0,1,,0
521,18,51476.57612850282,635.0,2,1,0,134222.89709269902,0
522,32,53805.88293540582,,1,1,1,64845.043884690655,0
523,34,123389.26776887229,670.0,2,1,0,52243.711353320716,0
524,36,44436.09677074462,608.0,1,1,0,78461.22714667652,0
525,35,,676.0,2,1,0,39446.465534289,0
526,44,87033.28255964212,767.0,1,1,1,136500.82187157107,0
527,46,69811.60177514992,572.0,1,1,0,148979.41891810385,0
528,28,21564.176849233278,531.0,1,1,1,70272.41111254433,0
529,46,,,3,1,0,27894.938729696245,0
530,45,43117.4992124,687.0,2,1,1,148801.61574821788,0
531,44,94584.57373730981,614.0,1,1,1,,0
532,25,83946.61835558496,678.0,1,1,1,100331.38267129153,0
533,44,77797.26237607864,697.0,1,1,1,130279.71696982728,0
534,40,82122.87574816124,637.0,4,1,0,109406.26533966755,0
535,49,36961.32829742481,694.0,1,1,0,104458.04916685061,0
536,57,81033.94239782823,536.0,1,0,0,35740.97542456156,0
537,55,37852.71522842941,691.0,2,1,0,127821.16757313017,0
538,41,96350.65212288024,689.0,1,1,0,135647.46821469656,0
539,39,46481.85377888558,645.0,1,1,1,107905.60708908271,0
540,46,69072.5637998983,700.0,2,0,1,23930.399424190044,0
541,28,23502.23117740471,722.0,1,1,0,79865.16390424239,0
542,25,30566.361476074107,746.0,1,0,0,144494.8121543519,0
543,35,103511.55833099678,747.0,1,1,0,135821.75612011086,0
544,52,84793.29720801712,652.0,1,1,1,131395.96599039016,0
545,36,32634.70117815904,642.0,1,1,1,88893.65858039584,0
546,55,114107.43574689665,646.0,2,0,0,41227.397325711965,0
547,18,34776.86433784565,516.0,1,1,0,72016.2612416872,0
548,24,60601.831426273035,684.0,1,1,0,120952.5210488873,0
549,38,47195.29716482489,767.0,2,1,1,127828.36255618618,0
550,48,37812.395188450915,678.0,1,1,0,142814.9834784789,0
551,39,107588.61601262532,,2,1,1,83266.13428292764,0
552,39,139328.61923382574,600.0,1,1,1,105507.09150345021,0
553,38,65593.83223821709,603.0,2,1,0,39318.81440559282,1
554,22,128681.97117170368,732.0,2,1,1,101576.82010985666,0
555,51,,675.0,1,1,1,91318.71682500387,0
556,33,63338.848508445284,681.0,2,1,1,69946.42266244633,0
557,50,,667.0,1,1,1,33211.51140607687,0
558,39,33649.228139078856,594.0,1,1,0,29552.629115442294,0
559,50,77020.60692512119,602.0,2,1,1,77661.78779050821,0
560,43,85557.71113711759,684.0,1,1,1,86549.01375794728,0
561,38,55015.102855015764,654.0,2,1,0,31222.33222719883,0
562,42,25750.8845548829,557.0,1,1,1,55147.37283788997,0
563,25,72110.3301548744,689.0,1,1,1,114289.83766438856,0
564,40,28130.03326782898,720.0,1,1,1,122039.7674223006,0
565,57,39993.20822827845,650.0,2,1,0,113863.57034860301,0
566,53,64075.05998685882,634.0,4,1,0,56386.29191058326,0
567,30,40833.92904470702,718.0,2,1,0,145808.6926715101,0
568,45,68114.00786298056,640.0,1,1,1,62600.37957080426,0
569,42,,619.0,3,0,1,130276.60956862441,0
570,48,,573.0,2,0,1,109027.06122809078,0
571,40,65256.805705345236,625.0,4,0,1,73810.01776035334,0
572,37,80449.88165226251,743.0,4,0,0,63310.588860427626,0
573,53,99538.51788010675,708.0,1,1,1,99050.41438270622,0
574,42,49951.899122317926,655.0,1,1,1,50016.622975752325,0
575,52,58183.553148727275,649.0,3,0,1,79054.23682413541,0
576,49,28411.39302435312,699.0,1,1,1,97069.77796816798,0
577,36,160258.68083194186,655.0,1,1,0,116467.75391787296,0
578,38,127338.46967630438,586.0,2,0,1,48786.63629666003,0
579,59,59052.53984070375,657.0,2,1,1,28817.715196302706,0
580,41,56369.24317053276,658.0,1,1,0,,0
581,32,13863.134741832035,650.0,3,1,1,102794.10613563393,0
582,27,100682.88688044391,662.0,2,1,1,124468.96747624868,0
583,49,,615.0,1,1,1,48430.196012107845,0
584,41,90084.71428712583,657.0,2,1,1,92925.11110884465,0
585,32,48995.1093807054,569.0,1,1,1,70655.50056236071,0
586,46,47447.799539930056,603.0,1,1,0,23494.302509626705,0
587,41,32350.68642139087,637.0,1,0,0,31829.600260836163,0
588,23,88530.7037889987,680.0,2,1,0,24100.29808054779,0
589,45,112215.5417280689,635.0,1,0,1,82976.67990229724,0
590,53,105244.4774712196,672.0,4,0,1,115307.69202323648,0
591,65,65889.12138251124,701.0,1,1,0,27921.97114732115,0
592,40,50958.86359827191,771.0,4,1,0,55948.44182624252,0
593,42,35458.3706466401,635.0,1,0,0,24388.670463883744,0
594,56,42244.294463776445,617.0,3,1,1,45030.419368830255,0
595,41,75801.6302019893,651.0,2,1,0,100441.06468455236,0
596,42,52042.873773803265,659.0,1,1,1,76844.52504863942,0
597,33,136325.6698723957,677.0,1,1,1,52215.706006719636,0
598,26,106753.51485771446,690.0,1,0,1,55726.466012927325,0
599,49,44408.90427937064,635.0,1,1,1,36459.991373180346,0
600,27,32671.839517893775,686.0,2,0,0,102898.7359163807,0
601,51,45610.383130758906,654.0,2,0,0,121088.88919276418,0
602,32,102210.6659104751,711.0,1,1,1,95500.13211881288,0
603,42,46172.45269137192,636.0,1,1,0,72387.45395816222,0
604,36,78833.54110212665,657.0,2,1,0,42912.13933629145,0
605,51,45213.89732883843,663.0,1,1,1,114540.70549237826,0
606,43,71230.89484984473,706.0,2,1,0,32958.31382752267,0
607,59,78133.23800008645,649.0,2,1,0,50918.31104178183,0
608,29,98225.0412122573,598.0,1,1,1,111324.90718622835,0
609,44,122850.06493174442,565.0,3,1,1,25066.536719351407,0
610,40,115521.77376332649,701.0,2,1,1,89433.9667787107,0
611,42,46028.40968206927,682.0,1,1,0,37659.7157553198,0
612,55,55747.64649707749,733.0,2,1,0,100588.04490331098,0
613,45,33367.48806283766,654.0,1,1,0,140945.79229994165,0
614,28,53330.15432883622,654.0,1,1,0,74928.44730836032,0
615,45,60733.96730133867,658.0,1,1,0,28651.954993377556,0
616,35,49026.67779534981,623.0,1,1,0,23970.368927353546,0
617,35,46644.372049852354,614.0,1,0,0,142123.97308645595,0
618,50,100522.80840950509,671.0,1,0,0,80901.7949913533,0
619,33,94451.45839670431,709.0,2,0,1,137829.10397638154,0
620,36,73252.00255425494,680.0,4,0,0,73519.22742770812,0
621,40,31676.94915681297,625.0,3,0,1,59905.12631357867,0
622,18,377409.70015050966,328.0,1,1,1,55756.53990099582,0
623,45,49512.67892879706,658.0,2,1,0,86309.57042113417,0
624,37,115839.81048397363,621.0,2,1,1,117278.6654337649,0
625,37,24366.255136581553,588.0,1,1,1,98403.44608439156,0
626,28,45373.70338194822,608.0,1,0,1,100800.61024396878,0
627,32,44746.77647711402,709.0,1,1,1,38876.516132503675,0
628,33,47515.57472490591,662.0,2,1,1,,0
629,38,96847.14748192922,619.0,1,0,1,48169.625754086876,0
630,59,18507.30199484228,653.0,1,0,1,122197.8687815078,0
631,33,54072.10718752431,680.0,3,0,1,44848.737317118896,0
632,37,91808.50122548058,622.0,3,1,1,58967.176835544364,0
633,19,97944.7275752662,611.0,2,1,1,32015.03801948519,0
634,46,45595.345181283396,561.0,1,0,1,137627.75745048677,0
635,24,42710.95682993575,704.0,3,1,1,50136.51317314559,0
636,30,71339.58401964953,679.0,1,1,1,32086.22360458089,0
637,50,64706.58070252949,683.0,1,0,1,54166.856387085776,0
638,18,62118.6409196671,678.0,2,1,0,71175.28700773047,0
639,40,8967.935233532895,548.0,1,1,1,44272.23521687737,0
640,48,34149.85908898079,655.0,1,1,1,81280.71876666584,0
641,55,38967.69738712822,672.0,1,1,1,148163.84727321356,0
642,30,82752.10840951292,653.0,4,1,1,145220.0527445834,0
643,33,29194.043825457822,532.0,1,0,1,,0
644,58,35553.22188403064,643.0,1,1,0,115223.69017903978,0
645,39,,637.0,1,1,1,,0
646,32,31517.626912052878,701.0,1,0,0,144185.30930526782,0
647,32,82745.6557849958,644.0,1,1,1,74214.4319670761,0
648,30,49335.4417479953,623.0,1,0,1,69318.45938830482,0
649,35,150024.33711505425,623.0,2,0,1,147672.71475456544,0
650,50,43793.491204049285,686.0,2,1,1,87386.25804498875,0
651,48,44979.32593961277,683.0,1,0,1,42019.15189899359,0
652,28,89708.3369073438,639.0,2,0,1,95189.51264012564,0
653,42,43236.11316324005,630.0,2,1,1,115052.27899757556,0
654,35,127756.83395944408,534.0,3,1,0,110941.20965609411,0
655,47,76386.19860772848,547.0,1,1,0,116489.46037143287,0
656,38,51542.390855655976,608.0,3,0,1,118651.17587500598,0
657,43,55364.885867024306,642.0,3,1,0,142350.69117096934,0
658,38,249559.76629672997,610.0,2,0,1,96855.07026408901,0
659,18,76605.71955057149,574.0,1,0,0,89345.43751270077,0
660,40,64688.47593041099,648.0,2,1,0,123841.7552271431,1
661,27,56151.65664292863,648.0,2,1,1,31027.598750549878,0
662,47,100778.55435248846,715.0,1,0,0,67683.59509500643,0
663,33,28083.477253992252,632.0,3,1,1,100752.94137218723,0
664,33,54803.307651621275,638.0,1,0,1,73188.29177274389,0
665,39,14548.90647179368,614.0,1,1,1,114700.80971723323,0
666,45,45953.99324985217,780.0,1,1,0,90690.52033398392,0
667,38,91680.34065701903,682.0,2,1,0,116209.93294857108,0
668,56,119756.43617965843,608.0,1,0,1,121959.45303416686,0
669,56,81233.65902677565,551.0,1,0,1,85977.75313957033,0
670,57,82626.36826473146,585.0,4,1,0,116104.90467849445,1
671,37,25441.808308247055,604.0,1,0,0,42235.14464839162,0
672,25,42740.95767025049,581.0,2,0,1,68444.39740788056,0
673,52,125404.82071686782,644.0,1,1,0,120357.29765582163,0
674,35,46173.89323982831,599.0,1,1,0,22259.5368274922,0
675,40,56056.121647667365,569.0,2,0,1,53004.60665160083,0
676,46,40107.50881563616,681.0,2,1,1,63141.17416664226,0
677,23,37617.47937907332,572.0,2,1,0,131924.66643836917,0
678,56,,522.0,1,1,0,35314.417554723754,0
679,48,43112.65524820096,696.0,2,1,1,49491.84503546334,0
680,43,,739.0,1,0,0,79714.22544395586,0
681,48,66821.79910181192,652.0,1,1,0,75040.43429064765,0
682,45,99861.72463418012,684.0,3,1,1,76642.2640656709,0
683,41,29985.85620205729,683.0,1,1,1,65323.394485189325,0
684,36,110727.37911991813,767.0,1,1,0,31152.11557038474,0
685,32,60647.15187340123,600.0,1,0,0,78553.52560390069,0
686,19,461315.0143831924,319.0,1,0,0,63080.012176554694,0
687,43,58437.42321275884,628.0,1,1,1,113605.38490942419,0
688,50,28435.650433378963,652.0,1,1,0,147025.79007361503,0
689,42,114029.23651352238,639.0,1,1,1,100727.80623854396,0
690,31,56041.94583737443,645.0,2,1,0,102831.99906384025,0
691,24,20456.220606871277,657.0,1,1,1,26749.031486666903,0
692,38,64517.84827129515,748.0,1,1,0,102545.70482166322,0
693,39,67353.75300111593,663.0,1,0,1,77657.0557697498,0
694,39,102760.48930777714,691.0,3,1,1,35655.394876955965,0
695,24,9980.145272846472,683.0,3,0,1,137969.96190224122,0
696,50,,667.0,3,1,1,79575.65494787926,0
697,50,47325.354359366655,636.0,3,1,0,142906.8561150509,0
698,31,157192.08300802985,690.0,1,1,1,118650.17430132651,0
699,48,25411.556777862155,562.0,3,1,1,97800.80573717425,0
700,49,78807.96048797063,726.0,1,0,0,144393.97745235727,0
701,40,73714.82833992832,683.0,3,1,1,31705.750229112215,0
702,30,48583.65692512694,655.0,3,1,1,81750.99724369886,0
703,56,40749.42013084708,649.0,2,1,1,88661.30532250632,0
704,43,49772.96914260221,660.0,3,1,1,71526.91455824638,0
705,37,50450.084258697054,690.0,2,1,1,123171.95454688277,0
706,47,32060.52616732615,673.0,2,1,1,56997.8872793512,0
707,56,98577.26404573815,718.0,3,1,0,53751.84429170589,0
708,35,34752.25246358315,735.0,1,1,1,30490.362629745257,0
709,46,100077.01615462317,704.0,1,0,1,117205.98906057107,0
710,59,,575.0,1,0,0,65514.36393167888,0
711,28,54912.97569939796,623.0,2,1,0,39381.02249526236,0
712,34,55323.14165157559,698.0,1,1,1,89315.34927997124,0
713,34,59528.034892666656,756.0,2,1,1,141896.42660239135,0
714,38,96785.04630817322,620.0,2,0,1,145908.1781350293,0
715,37,54226.56688276739,680.0,1,1,0,52794.337310174036,0
716,43,47721.396300495224,711.0,2,1,1,74045.54334144239,0
717,31,54308.50094221898,655.0,3,1,1,44917.1971961752,0
718,33,97988.2908105392,,2,0,1,84282.04676674248,0
719,43,32836.512694429075,747.0,3,1,1,95424.58911154089,0
720,41,36017.693805840216,,4,1,1,77172.74041134753,0
721,48,22555.872109320557,612.0,1,1,1,84626.87345995108,0
722,44,165334.20499090053,663.0,2,1,1,106353.67530867075,0
723,47,33598.19005410396,652.0,1,1,0,67446.90125666017,0
724,28,23374.1037989116,604.0,2,1,1,123795.97589456881,0
725,36,40040.642184782846,733.0,1,1,0,122103.97616055698,0
726,58,44173.1411546869,676.0,1,1,1,44621.49121429026,0
727,43,124844.94943480563,695.0,1,1,0,76737.23678789912,0
728,47,,647.0,2,1,1,141193.7021239358,0
729,42,,649.0,2,1,1,36989.782386599865,0
730,44,24506.898757666237,716.0,2,1,1,24832.323203922493,0
731,37,66575.47777140589,623.0,1,1,0,103891.97166424585,0
732,75,26309.930142051162,632.0,1,1,1,101706.96406878397,0
733,36,51292.62798251004,673.0,1,1,1,83873.46214201694,0
734,39,41034.33157192423,695.0,2,0,0,136177.00929065817,0
735,18,61773.86081344438,695.0,2,0,1,97360.63928942736,0
736,51,82396.99067313463,,2,0,0,100951.28972619274,1
737,34,30765.581667988612,595.0,1,1,0,129052.14739071582,0
738,39,33992.34486073185,607.0,3,1,1,24083.310528530106,0
739,34,66098.03807117604,694.0,2,1,0,113688.882373488,0
740,38,84604.49669504596,694.0,2,1,1,31290.106952453905,0
741,37,121879.41566626534,666.0,1,0,1,69837.94428140401,0
742,39,47389.40578365567,664.0,2,1,1,86434.35295605681,0
743,39,28463.006448492757,567.0,3,0,0,109690.6273341014,0
744,38,65868.3084372911,665.0,1,0,1,,0
745,38,40327.059824042415,571.0,3,1,0,122746.38851608947,0
746,53,37793.39921513809,,3,1,1,106422.24300582697,0
747,48,121320.17186013682,634.0,2,0,0,41477.518294207475,0
748,48,,662.0,1,1,1,102463.2407683559,0
749,32,41691.84850017161,639.0,1,0,1,112912.90274817517,0
750,52,59441.27168138991,645.0,2,1,1,82702.01415777412,0
751,51,,594.0,1,1,1,77089.01024618394,0
752,34,65163.03570603204,641.0,1,1,1,121124.36663396755,0
753,55,,646.0,1,0,1,131377.89257470635,0
754,33,23203.735958539917,660.0,2,1,1,21605.21942910601,0
755,21,36824.724269080034,677.0,1,0,1,27914.76218459728,0
756,51,45986.426165958335,674.0,1,1,1,129729.41226926721,0
757,38,60849.30789127012,663.0,3,1,1,141766.92377278168,0
758,49,34924.807074448705,617.0,1,0,1,76895.39101263628,0
759,32,65857.08603745571,585.0,1,1,0,90533.72661359006,0
760,27,49586.01466783856,599.0,1,1,1,33391.39268927851,0
761,52,41042.45469282557,609.0,4,1,0,57841.289924040204,0
762,25,31791.739765437233,692.0,1,1,1,112653.49138894142,0
763,24,75007.66215747804,703.0,3,1,1,82985.88363107617,0
764,20,74177.89948003207,610.0,1,1,1,125734.29372728737,0
765,18,89519.36791162031,591.0,1,1,0,56088.51594832351,0
766,29,78963.73331010678,568.0,1,1,1,75647.93111995765,0
767,18,81974.79234845951,,1,1,1,125703.41530363132,0
768,39,72630.42215831483,670.0,2,1,1,130513.6903799504,0
769,18,24906.77171497392,595.0,2,1,1,75183.24299046423,0
770,29,52184.47946906233,709.0,1,1,0,79662.039699402,0
771,63,29316.583079932396,668.0,1,1,0,50801.34623327304,0
772,43,118979.42749446722,703.0,1,1,1,75316.7696361118,0
773,40,59581.05770832873,610.0,3,1,1,84662.29221711759,0
774,23,113207.50758188927,685.0,1,1,1,59836.54088392755,0
775,37,35844.25905656894,594.0,2,1,1,36018.20024194646,0
776,40,57306.26498327609,684.0,4,1,0,67141.28075997235,0
777,23,68445.0810409178,722.0,4,1,0,98635.21542346608,0
778,41,50850.679712718505,721.0,2,1,1,38532.113432800266,0
779,51,65906.64441172985,623.0,1,1,0,129678.7910586957,0
780,36,125892.2384445764,605.0,1,1,1,90716.75385739874,0
781,38,35815.75393718131,641.0,1,0,1,61216.503117817505,0
782,19,16044.776077800723,728.0,4,0,1,82937.4682893504,0
783,26,133574.1336413608,581.0,1,1,0,48397.03300545229,0
784,50,,574.0,1,0,1,58736.41433057133,0
785,33,105171.71657786805,547.0,1,1,0,44936.508042383255,0
786,30,83121.31875635227,654.0,3,1,0,,0
787,33,53839.164294967355,565.0,1,0,1,66902.51360068364,0
788,39,72567.48503982446,709.0,1,0,0,65162.84896947772,0
789,28,33922.46332987821,732.0,1,1,0,135858.4789274407,0
790,41,62633.05284104947,643.0,2,1,0,,0
791,26,80750.54122965995,769.0,3,1,1,46052.84255890887,0
792,47,40738.68771465153,661.0,1,1,1,39984.945741369374,0
793,29,49610.326799673756,624.0,1,1,0,20961.41663518647,0
794,53,70150.38691684982,623.0,2,0,1,61452.67619483314,0
795,39,116277.71411566246,721.0,1,0,1,103012.791635449,0
796,31,59905.42941219173,689.0,1,1,0,104284.59866215751,0
797,49,48376.523283443974,548.0,1,1,0,148827.6247467802,0
798,26,55764.45587613422,555.0,1,1,1,139166.64568176324,0
799,34,107171.73370310062,576.0,4,0,1,38530.69144818322,0
800,39,43536.009241191,620.0,3,1,0,130598.87855344638,0
801,38,51636.47815284953,585.0,4,1,1,31766.95721536633,0
802,19,43737.86369679495,611.0,3,0,0,76110.14645488976,0
803,30,54173.1985709453,608.0,1,1,1,85293.22923303838,0
804,41,66765.89280457834,593.0,1,0,0,142921.6755184938,0
805,26,100613.22024347853,755.0,2,1,1,93949.54365663232,0
806,52,20739.848952141583,720.0,1,0,1,,0
807,44,79208.9280287728,738.0,1,1,1,146323.66393850878,0
808,34,38418.90365029068,733.0,1,0,0,127118.4994638238,0
809,37,80711.37865568307,646.0,1,1,0,48759.83828282629,0
810,58,111515.32850948721,655.0,1,1,1,47730.87089489713,0
811,49,98705.6380809675,,3,0,1,62569.38712360518,0
812,43,64930.92108930453,657.0,3,1,1,131440.98781724626,0
813,25,91066.86611864963,599.0,1,1,0,106921.77442137335,0
814,56,37436.74070598149,,2,1,1,74746.34324998206,0
815,50,,611.0,1,1,1,61727.74479588593,0
816,38,128262.64947390408,693.0,3,0,1,64742.28479526179,0
817,34,40435.85119749658,654.0,2,0,0,,0
818,38,66219.77568825544,680.0,2,1,1,20896.629635158,0
819,27,49886.82181938491,650.0,1,1,0,41809.06751639146,0
820,35,54423.18876587764,604.0,2,1,0,124443.07209795287,0
821,47,73506.96471783839,675.0,2,0,0,41763.611785875546,0
822,21,52435.566423182005,654.0,4,1,0,128801.25498317298,1
823,36,59897.81272145047,715.0,2,1,1,61954.68789176608,0
824,41,46621.08596998921,717.0,1,0,1,145371.77884962835,0
825,41,24090.809028292162,635.0,2,1,0,42743.03039709337,0
826,28,66081.68487141724,656.0,1,0,1,25475.558492380354,0
827,28,74744.79520991139,605.0,1,0,0,125966.77313309727,0
828,50,119753.0007370601,607.0,1,1,0,53323.999122926674,0
829,27,56171.630307875115,621.0,2,1,1,35629.63513096207,0
830,50,29874.052567212453,674.0,1,1,1,135808.5722599363,0
831,35,41154.79582071018,623.0,2,0,0,106327.96999045629,0
832,50,78613.28730986691,727.0,2,1,0,25251.987569092096,0
833,35,57516.95689820491,673.0,3,1,0,40044.63286309471,0
834,28,68991.9619478183,636.0,2,1,0,116361.67446270888,0
835,48,50289.9116302065,700.0,1,1,0,135198.29435550113,0
836,39,152818.20606316152,613.0,2,1,1,82919.65543995943,0
837,54,142357.08267785312,617.0,3,1,0,145551.39439279278,0
838,48,37658.05025166786,717.0,2,1,1,74461.80079511378,0
839,37,94524.59439414529,584.0,3,1,0,141797.97966605774,0
840,35,69851.79317215928,642.0,1,1,0,61461.62208783488,0
841,40,60408.167835755165,631.0,2,0,1,87794.62708434556,0
842,41,39036.63513145765,613.0,2,1,1,24527.7022230104,0
843,31,134977.7404038604,699.0,3,1,0,112748.83333239703,0
844,48,107444.42453368942,693.0,1,1,0,104007.21554647996,0
845,36,28956.49513682359,683.0,2,0,1,,0
846,35,119831.93462990546,651.0,2,1,0,25176.922944423626,0
847,34,58859.62825557456,682.0,1,1,0,140778.51265310764,0
848,42,44498.22386371422,549.0,2,1,1,78767.65681868931,0
849,33,36820.53404587644,629.0,3,1,0,94822.07506675903,0
850,41,,651.0,1,1,0,70108.79512384237,0
851,67,73280.33727739741,620.0,1,0,0,70059.61463961418,1
852,39,38755.45042696347,659.0,1,0,1,45433.80700161264,0
853,35,39996.64869810572,769.0,1,1,1,84376.60364865354,0
854,23,49431.25964550647,655.0,2,1,1,136609.54603424453,0
855,40,46436.76707918898,670.0,3,1,0,148308.3307556145,0
856,28,78119.11039715505,660.0,1,1,0,119461.79234704362,0
857,36,72509.17160557241,590.0,1,1,1,147395.97778632652,0
858,41,43663.80992341898,575.0,1,0,0,101351.3016028231,0
859,22,26195.55788018646,568.0,2,1,1,44508.07902483975,0
860,41,30794.771799370257,664.0,2,1,0,132957.29572128592,0
861,43,,548.0,2,0,0,130900.21979082799,0
862,27,36486.390405411476,682.0,3,0,1,79319.75285359143,0
863,36,63428.428605380286,639.0,1,1,1,96705.94590495258,0
864,21,24847.714968107808,,1,1,1,,0
865,55,73176.51089462898,583.0,1,1,0,98724.98131659844,0
866,43,,727.0,1,1,1,115057.79804990206,0
867,38,30886.2452333504,647.0,3,1,1,113155.18844020636,0
868,38,78979.88476202145,555.0,3,0,0,126173.22107028455,0
869,51,68756.79230150764,711.0,2,0,1,41516.526448410266,0
870,39,94943.93270283942,586.0,3,1,0,91162.67725012075,0
871,43,56189.190725428656,588.0,4,1,1,34126.10783531213,0
872,55,,590.0,3,0,1,109743.49678748279,0
873,36,65715.29022192651,634.0,1,1,0,128893.1132098754,0
874,29,79899.21050682713,679.0,1,1,0,107532.0146985433,0
875,18,390631.26312641636,326.0,2,1,0,99640.27447544514,0
876,54,,776.0,2,1,1,59218.24046431905,0
877,40,89972.79626924732,616.0,1,0,0,135909.5458954823,0
878,34,107591.30736938605,627.0,4,1,1,73982.09011767566,0
879,49,76877.17512104771,581.0,2,1,1,143973.47043597477,0
880,49,34068.264639978566,595.0,2,0,1,,0
881,35,27592.816702935776,706.0,2,1,0,52085.75622407645,0
882,30,73600.9065299803,624.0,2,1,1,114426.42238142196,0
883,24,36180.58632583714,672.0,3,1,0,34488.96847866773,0
884,22,91515.82107563315,651.0,1,1,1,137642.73484886455,0
885,37,51958.86669404937,597.0,1,1,0,37095.263199258465,0
886,31,99499.49153182669,608.0,1,1,0,36635.69049775804,0
887,58,,556.0,1,1,0,128493.14160882191,0
888,40,58159.15037009208,639.0,1,1,1,44951.891853181485,0
889,20,56618.985905466136,,3,1,1,80794.14574508653,0
890,54,99592.91592634073,634.0,1,0,0,46417.906982761306,0
891,41,102135.1642857,699.0,1,1,1,102463.99109549198,0
892,47,140491.73287263818,583.0,1,1,1,111410.31859588217,0
893,46,66196.6178580435,652.0,2,0,1,,0
894,42,43724.609194092234,599.0,1,0,0,115445.02363474533,0
895,45,60231.85654569934,669.0,3,0,1,33885.74151221232,0
896,42,43927.03516219515,605.0,1,1,0,131499.3312073612,0
897,28,67643.37463742643,690.0,2,1,0,114946.48171940527,0
898,43,38870.07670708536,,1,1,1,40242.77172220982,0
899,50,94193.18099567917,666.0,2,1,1,47056.52851536921,0
900,37,85037.27072601904,662.0,2,1,1,66875.61010395226,0
901,45,64319.39470728172,664.0,3,1,1,,0
902,44,60772.22358172664,666.0,1,1,0,111336.46503791127,0
903,58,,676.0,1,1,1,141592.7305804437,0
904,37,115638.87214947317,632.0,2,1,0,63895.14972635072,0
905,37,108641.48183325448,593.0,3,1,1,72721.1518910088,0
906,38,64534.69521636015,647.0,1,1,1,111310.47980262517,0
907,38,39095.979032869705,675.0,2,0,0,67306.13738410614,0
908,18,33312.09028212939,675.0,1,1,1,108570.53009373833,0
909,33,69279.90678290748,736.0,3,0,1,92478.55967357384,0
910,42,43611.18235548668,625.0,1,1,0,38809.950779022605,0
911,39,76120.03470937395,579.0,1,1,1,73687.21283365798,0
912,32,49451.717698749664,622.0,1,0,1,,0
913,33,88342.53854582827,628.0,2,0,0,,0
914,36,66556.56479050755,609.0,1,0,1,142134.713348975,0
915,31,98827.02435353839,598.0,2,1,0,134419.10242021465,0
916,34,19636.536460474952,643.0,1,0,0,72514.37474412023,0
917,34,53560.90616181286,646.0,1,1,1,45166.83850874808,0
918,48,181769.3596673179,598.0,2,0,1,71490.35888477543,0
919,50,17163.139920196612,592.0,2,1,1,54583.51479435814,0
920,49,91438.87084898773,668.0,1,1,1,143291.78557403936,0
921,44,73946.83822070385,673.0,1,1,1,100292.75593183804,0
922,32,114113.67371078471,,1,0,0,84314.89160893406,0
923,49,55011.85263442729,641.0,1,1,0,91412.32459990021,0
924,36,108801.13667508235,674.0,3,0,1,38861.62620636275,0
925,40,,656.0,2,1,1,,0
926,53,66203.58453773946,728.0,2,0,1,33975.65709143194,0
927,40,33526.582211813984,582.0,1,1,0,66595.8951743383,0
928,42,,572.0,2,1,0,69888.35186117221,0
929,25,36878.40187269159,686.0,4,1,1,124843.14849421251,0
930,44,56017.05942536666,667.0,2,0,0,55654.42085190528,0
931,30,96331.81945331644,622.0,3,1,1,87936.48194444658,0
932,50,,704.0,1,1,0,125334.1581505751,0
933,38,50418.848110771294,617.0,1,1,1,142914.52998207705,0
934,18,82091.62737229776,675.0,1,0,1,67656.96603801328,0
935,36,27745.5718720027,641.0,2,0,0,73627.22872268177,0
936,37,47377.816441470495,611.0,2,1,0,26855.60326229222,0
937,44,125061.29913563521,628.0,1,0,1,57286.81413949507,0
938,46,117453.03906279319,708.0,4,1,0,97486.46839744267,0
939,36,83843.45929779756,630.0,2,1,1,67394.51959847115,0
940,50,55892.338823899554,725.0,2,0,1,28438.065229378415,0
941,18,91649.79344491374,657.0,1,0,1,24249.788973786,0
942,32,59307.18523510544,637.0,1,0,1,26152.97423821254,0
943,28,65265.19325830808,599.0,1,1,0,54122.426223590846,0
944,27,62710.94641832352,683.0,1,1,1,93693.75455469717,0
945,49,40714.50467540181,660.0,1,1,1,77645.22511547006,0
946,48,86254.90879712347,646.0,2,1,0,78536.28790831662,0
947,32,35141.08405675147,654.0,2,1,0,117342.60548339343,0
948,51,88434.9266370273,643.0,1,1,1,49017.53022586793,0
949,41,37115.82122918286,590.0,1,0,1,140773.81453361418,0
950,35,41817.15676626789,682.0,1,0,1,23249.60202195393,0
951,33,14496.69778204133,742.0,2,1,0,130232.60931187242,0
952,32,55495.54994415185,734.0,3,0,0,107986.13389649797,0
953,44,,655.0,1,1,1,40505.04149818804,0
954,46,90729.34248817826,637.0,1,1,1,38843.28496129053,0
955,42,115559.15542975302,654.0,1,0,0,26274.056702773716,0
956,19,28481.018513239433,618.0,2,1,1,68251.50291865242,1
957,42,98175.65829483587,664.0,2,0,1,86886.91019986993,0
958,45,47575.95256759515,668.0,4,1,1,97415.26434847829,0
959,33,57876.6784405383,589.0,4,0,1,72174.134486048,0
960,40,56923.62086547701,633.0,1,0,1,33150.83098271354,0
961,21,47922.60083297932,693.0,1,1,0,66141.10832994126,0
962,27,38451.16650721889,695.0,1,1,1,93872.82596958091,0
963,36,68989.40346475068,587.0,2,0,0,130616.60480651796,0
964,36,90009.66779901227,704.0,1,1,1,74117.18391828914,0
965,43,31959.155785961262,635.0,2,1,0,51191.403676604634,0
966,28,59419.06794524828,648.0,1,1,1,130050.32602102675,0
967,36,43808.96316331883,641.0,1,0,1,78491.52687026549,0
968,35,103783.33940269102,544.0,2,1,1,138339.10393530346,0
969,45,76794.60080733045,671.0,1,0,1,74836.62423480459,0
970,54,127574.0677471475,569.0,3,1,0,35405.074968955945,0
971,57,27659.301186144818,691.0,1,1,1,97841.63637445055,0
972,24,100629.23908484893,584.0,1,1,1,122723.64688888927,0
973,39,65083.90394840821,703.0,1,1,0,116323.55129153981,0
974,28,41752.43768781518,661.0,3,0,1,141988.76937099744,0
975,39,76626.7558624591,680.0,1,1,1,33426.01005580239,0
976,44,131283.77459765988,614.0,1,1,1,143491.8476121814,0
977,40,133840.87904794473,559.0,1,1,1,48326.410722169385,0
978,39,90509.39562251777,600.0,3,0,1,84441.51385929972,0
979,54,36544.921113291915,666.0,3,1,0,,0
980,47,70054.69463863868,672.0,3,1,1,63185.12436288971,0
981,37,71204.48800874673,606.0,2,1,1,61718.5477252135,0
982,40,111648.20192000647,716.0,1,0,1,97642.79634768462,0
983,48,,649.0,1,1,1,34447.15958477611,0
984,46,60468.97682269065,567.0,1,1,1,148941.94798660313,0
985,35,43275.654093338286,663.0,2,1,1,73664.24998377691,0
986,22,83796.24710544413,611.0,1,1,0,38065.79325510906,0
987,28,53873.53296176999,691.0,1,1,1,133410.5453535313,0
988,41,65846.99917921497,661.0,2,1,1,26792.96362328533,0
989,22,47444.924579326005,657.0,1,1,1,134032.46822759192,0
990,38,61434.05782585947,635.0,1,1,0,56161.97132606421,0
991,35,34957.67555004001,706.0,1,1,1,72117.85936167274,0
992,49,65026.127172634006,604.0,3,0,1,56651.146571588855,0
993,26,44391.89688126271,666.0,1,1,1,24656.387851353025,0
994,20,85115.47291469679,652.0,2,1,1,143849.94428170362,0
995,35,151119.55393689987,598.0,1,1,1,31322.326445868126,0
996,46,91578.37685539947,646.0,1,0,1,22292.474071290602,0
997,50,34273.871680668104,602.0,1,1,0,117932.65570449154,0
998,30,50133.83875133204,752.0,1,0,1,114667.14202078944,0
999,44,26829.36563162379,700.0,1,1,1,64490.11403422996,0
1000,28,60408.48608501367,568.0,1,0,0,20063.586360056543,0
