Thu_nhap,Du_no,Nam_tin_dung,Diem_tin_dung,DTI_ratio,So_lan_tre_han,Vo_no
49.07108863595391,157.07542850209808,12.748155422311006,633.1196504700694,34.24544026254744,4.0,0
73.83046859804496,222.20018624278427,13.160658342460245,850.0,35.51025823287113,5.0,0
58.286905632164995,182.1446733795473,8.748861868619672,799.5924338320791,39.30907663433715,3.0,0
40.130573625519524,213.04186243009477,5.532687968539278,677.2491229491573,42.0436146252095,2.0,0
46.908697820138954,219.64341821392404,8.945273466584318,673.6299119614165,27.326474834882937,4.0,0
78.24501685401574,156.7550310534537,7.944964426660109,677.8016811971848,32.85560350533404,3.0,0
51.10809057880207,171.36607560754683,12.906931216674604,661.2026111823253,35.89596956263209,3.0,0
49.58550074263811,197.51263146231213,12.426328220514833,692.5554900809965,33.34622523523612,3.0,0
72.49829509884401,219.53439488107222,15.444756524060143,789.2717834282046,35.74363383634189,4.0,0
56.23318464681996,137.56889291576857,13.04764723041272,746.3484191079684,35.08983893557906,2.0,0
29.78567865546468,215.76154208646471,11.391737928741962,636.652637253578,27.57066469350856,4.0,0
95.63040810907313,173.7918591116462,5.405641693900605,836.9245227936007,37.37445809165369,5.0,0
72.4004629332661,194.38335205643696,14.789608328770683,725.7576172229292,40.038523047966294,2.0,0
65.9881100337048,139.66689427837207,10.74685395397295,742.5768907604848,31.01337399992559,4.0,0
59.09471688477629,152.25980565518134,8.09370578522898,765.6129367741895,35.462821788655695,4.0,0
98.11083579240444,86.27538190451705,14.198309557386093,728.7040246129826,36.62607728571892,3.0,0
78.00602827060058,222.2577177579878,10.26165417610402,783.3419381870987,32.27206189301823,3.0,0
78.61603672659334,168.7082398428924,7.8851605510686475,678.5052992731476,40.64083519811351,1.0,0
63.08053707172187,189.0766974621566,12.755891410101043,698.7686417843101,32.47711413921833,3.0,0
82.39568433612698,174.84419150010163,9.258024141943462,723.4866795769653,35.40632978378295,4.0,0
64.79234199552684,103.26618749966845,8.113798983847804,707.7836090683485,35.9169374935174,2.0,0
76.80947198870238,104.36499049456394,13.845380864706792,760.9592632673113,33.19618968777241,1.0,0
106.07243266024959,193.17878990496075,14.41865290426918,756.6966618246473,43.12890222196517,2.0,0
39.360754132591325,183.64207565322027,10.15840952760481,722.7536929848969,39.43503395806181,5.0,0
60.61320046275192,190.50449662000446,12.075154203924587,770.3157070102839,36.866304167299845,3.0,0
40.83760046711364,142.6028157689865,13.324784112139488,664.2864082406569,36.32185564162811,2.0,0
35.31612431015303,165.9096704870275,5.754905597323261,640.3126011990018,27.76669390303309,2.0,0
53.16844238054709,202.24298079683814,2.468189494381896,647.9915684975355,35.90602091026064,6.0,0
43.64051258158196,188.75491672808676,11.29254719985285,638.0978187847757,37.86455115775331,3.0,0
62.542991668379194,153.70629213018242,8.274041825960433,722.3798040861072,33.088837675328826,4.0,0
69.89837144709179,185.4188883279702,9.451190559173137,714.1980335556871,32.64674857150308,3.0,0
58.688305264964114,174.91045583537428,9.451178079050434,702.1158916626109,33.71010554945316,4.0,0
59.309892039129565,102.91199076809751,6.893412547302505,719.4755016638172,29.92118827211829,5.0,0
39.11977628483265,263.4882052819594,9.183893460147313,784.2984179458856,45.52579417722873,3.0,0
57.01649771206794,135.53544938884082,11.54554632437003,740.0726035134651,18.34684054739897,2.0,0
33.08484800422667,232.51224477329757,7.863850559733422,671.0291214560401,34.083104791607475,2.0,0
81.56418659865355,196.3991357670223,9.502098863809918,787.9651728705674,44.34847460117219,4.0,0
75.52567770629693,217.59799123201765,8.484407960991133,772.7904442061617,36.59526462166596,2.0,0
59.6485138558007,209.6377191496065,8.297890127711163,703.1399696858338,28.264219570984697,2.0,0
79.19005669728098,165.40732658586836,13.783918079410272,766.7088301075177,36.27857656166346,4.0,0
93.16360990158674,171.69394230692944,12.953587848540701,807.0603560506781,34.2110112667886,3.0,0
60.39127681070247,186.81415040666866,9.542169403898654,728.9493964342187,27.668290236298564,4.0,0
52.24816929717149,173.88339020801894,3.6342816432145213,762.3677985174346,44.801223534400606,3.0,0
47.498569295772775,200.352099409728,9.751089463435362,775.7158428908074,35.09019953379028,2.0,0
44.20281572722739,210.63612239903955,8.85794824575419,659.6370259873239,36.938223009463684,3.0,0
78.79806584916382,192.0026318015008,17.2632702324602,726.5743957863676,33.700287288317064,3.0,0
66.19490813630264,171.85681831832548,8.018425277231113,744.5387700712909,30.087345302623003,2.0,0
44.228513629591916,239.27736485567166,10.229814307466542,731.3046732104941,32.889803438647164,3.0,0
37.53845880622056,231.1251387389828,6.826546458632964,726.9578086853088,36.28498546358199,2.0,0
89.17472922327333,184.466692956384,0.0,837.3817948562561,36.97429335572711,0.0,0
53.77617218945551,147.88032295499957,9.429433102988819,670.203458572242,27.2935982192473,5.0,0
63.75030145570278,196.97858211062908,10.684386446063412,711.481350765341,26.7444449958595,5.0,0
57.77455430734844,189.17030400414023,11.88048669064875,759.0779973504499,27.40451578943179,3.0,0
49.675918290354815,168.50587867355628,5.477158796023302,789.2275023978341,32.47225378024474,4.0,0
83.89268948301839,135.45889872683287,9.526345819578005,761.2265392156584,41.444845446901034,2.0,0
71.79868350494495,193.9114990656669,6.272894312668724,703.8455721086693,34.2757397077375,1.0,0
36.526332967880364,174.01824751933114,9.984881874401689,717.4352866827269,29.59616853207399,2.0,0
51.48377931547212,150.59750939623896,14.143414258381096,675.0239652785713,44.795104364728445,2.0,0
48.90923559951766,194.96210551997459,9.879883072283576,689.8843283351063,29.692780410421058,5.0,0
61.897190446100915,243.52929992357244,10.285218012573475,762.801536715122,34.593340827068054,2.0,0
70.74128540424383,106.82661450547802,8.819253705838197,739.5456915843706,35.14318591114897,1.0,0
38.37371152319301,214.41003473155763,12.32880832511302,622.6844748046511,43.72252033026923,4.0,0
90.98457139695626,162.82828295016333,10.384165604159627,793.0010943282095,45.857358119109335,4.0,0
66.17039845195161,125.24278938265559,3.184859651063231,711.9634950029723,28.661714791352708,3.0,0
70.18571934570565,92.40196095161703,13.35881605850527,756.9309060441149,35.85134258699567,2.0,0
82.90662938007318,195.46238096664905,9.662104792590009,850.0,25.547886398560074,4.0,0
65.26024673590905,167.80480408090764,16.442300963367444,781.4015837596876,33.97314901797067,2.0,0
50.520821494371134,185.65600613769888,12.535922208025452,707.4603730272066,33.125376182590124,4.0,0
85.4667601662583,213.10239690137098,11.03838979106981,792.0886391598734,36.0991027422896,4.0,0
48.18097580864809,159.33931435685724,13.891528668221028,667.1103636707488,37.15265097258316,2.0,0
11.783537542139847,224.91970030035307,8.35052347611882,764.387148024394,37.11563085041957,1.0,0
50.10133330958661,189.91479162087987,13.813581712483998,785.8106435786746,42.57075151216936,3.0,0
75.96539358717068,103.44823641655847,9.013523170083532,763.5689465207412,34.972506267654204,4.0,0
69.46610108308819,206.43164796493616,10.122855798991761,761.6560718465673,42.57224386929197,4.0,0
49.238516874652746,210.27999074806417,5.52656100581853,636.7018380508785,27.09205038676682,4.0,0
75.3552168466176,119.46758527992776,6.983053440625785,686.7688805652525,27.332028669415074,4.0,0
77.59169853453635,212.53884648732918,12.369123075628082,754.3358464325052,36.76108195669059,3.0,0
49.185345670675886,216.03092410620678,8.725377249214137,795.4791025862241,36.52850473772363,2.0,0
81.58943756946208,117.69011751665784,10.01451410059295,701.6752348654038,33.23919790799098,2.0,0
87.79654664168581,146.49510811401356,3.0416563057305064,646.9536328216236,37.465226038170954,3.0,0
53.76843854068582,167.24788955470783,9.332407746251432,658.0780119268849,41.75240215825808,2.0,0
60.539553778867926,209.78717525445495,9.760595037387583,721.2607453981043,52.88067038717533,1.0,0
18.790703951831922,220.79447050111415,11.25356196805593,721.2755065928309,26.323385622538964,4.0,0
77.70055116613813,184.68505065530502,10.360301571511272,687.5709536051171,35.89470406248573,5.0,0
31.347389700331554,163.56895610643323,8.550429338596444,654.9390056041939,26.88984692712848,4.0,0
57.47155053276582,148.44215263447663,8.401819137789413,640.3797725926318,34.62509796805974,1.0,0
55.61167309845473,171.61516949841194,8.648724951085278,710.2291968346182,33.34799207034391,2.0,0
80.93544152226322,207.5913734159993,14.311004856521858,753.788338906701,39.33580090208591,4.0,0
56.49816184136655,236.84991043579004,8.877804458543615,723.4427120588383,34.65166830291334,3.0,0
59.02826067897522,161.96651082532867,15.969735217678286,746.3039220559215,31.919375516627156,4.0,0
72.48090374887187,156.48596147317696,9.530959612614462,681.476704645097,37.5175526348967,3.0,0
31.945912876439962,177.86676355293918,14.47878046560967,701.1591245725256,43.24904838768234,3.0,0
33.660138602289095,178.70587655337573,15.391803322568077,656.382676126075,33.19970062839128,4.0,0
82.08587509753438,129.74734511374226,12.414217819222369,737.8394733134802,32.725836606153656,2.0,0
68.08064060308818,176.47459814689097,9.948888937129276,751.5667022771586,44.036622617259006,4.0,0
51.69408031631099,183.68281801357665,11.562439392209676,773.8746056869201,27.76149859492154,2.0,0
61.507288223048164,232.63181512947506,8.745969465316055,793.4237160721723,26.612529679067574,4.0,0
53.42345591834574,173.3265908924718,12.884970520488935,669.2453468654453,34.73055319867621,2.0,0
45.22607090864511,171.6547275365235,12.786113820124857,611.362980389957,30.26104345060355,3.0,0
28.947352781541735,239.01082620428267,11.186369999322576,755.9149736146541,41.423535921750116,2.0,0
64.82508520061009,155.01770213108708,11.24089235091681,687.7324871023203,37.93637281349554,4.0,0
48.49578624075365,247.26810008565923,12.4888762417925,686.7861487419334,28.99454577723433,2.0,0
81.09879470143137,189.24780266111114,14.967988906833476,759.4030590926017,31.97657922100325,2.0,0
28.943648014112437,188.2404444454702,13.307845113522582,711.4270147846287,42.57268482707537,2.0,0
85.77608513417601,203.07004084132365,10.495225809483603,737.7211981458767,38.967208934574245,4.0,0
70.12304000685641,204.89141904072028,9.807214059267379,692.4794733200753,32.63688297996452,2.0,0
66.42823349134655,94.11650684341889,17.171711739794656,770.2316089068615,35.355656389561396,4.0,0
61.166177058051424,188.38399675344516,15.72549770473979,738.4918758739968,34.715280056668696,3.0,0
42.37971710014432,219.11117720254592,12.972713142149841,723.5542293211294,35.99797285395129,1.0,0
89.83662163779402,195.99666197908945,6.274156797425646,772.9380380691989,24.062343661060286,4.0,0
91.1314193326734,117.36357040283997,10.381540459603322,706.2126701194966,39.047367482583674,3.0,0
69.24605564837006,194.10523541438772,14.120715891107178,797.4880744602085,37.73650651064404,2.0,0
54.45971043154297,154.199867193692,11.295096666442221,686.0383245563661,30.85021638915264,3.0,0
53.66364024621254,225.35139487900187,12.910218882665568,764.5937009418536,33.3023701017715,3.0,0
47.62204128696711,200.44769842738518,4.325937197517877,773.5605137847481,30.82540616458387,2.0,0
55.320147164844265,162.01428603241322,10.317444467264048,722.4344382437848,30.946961497283443,4.0,0
74.91982539568923,239.4237442167035,6.909276860678477,692.9676012767386,31.41358214499584,4.0,0
76.46809172392128,197.11088507229064,9.251883252014117,673.9974170868524,31.44018993487104,3.0,0
45.28677480909478,208.50285374957622,13.912610804528436,656.8827472094866,32.60145699319154,3.0,0
62.59376427274271,214.50026623735056,13.18504470289054,731.3120228528261,40.05843640636831,3.0,0
24.01570411316844,266.36265192516277,7.203205510268959,691.3106987690019,34.7688430404212,3.0,0
45.50063581817652,175.2966800221817,8.582732120394375,670.2060071858273,41.22150604415286,3.0,0
23.43631255871847,316.70961885900914,10.597289573479966,802.9602089866388,35.66282293460464,3.0,0
56.167223178506084,148.50212843578228,10.192384956462714,716.1092983508416,35.228794561764765,3.0,0
72.2824406860527,197.4436725979577,15.045767189356432,740.0905221722848,33.58847507087628,3.0,0
62.142968924267635,142.82954161767827,10.732896000987184,734.9928567408394,35.50916480819939,5.0,0
33.23733941113126,181.04278173394948,7.365220501822466,591.7514217154508,38.39778027762629,3.0,0
60.19515905169035,118.43388640896836,10.306330996624503,635.0386667916213,40.984677602987,3.0,0
76.72541799017779,183.391411534463,9.903011971920009,817.8118762926867,32.68845700468746,5.0,0
43.964434721857614,223.54540009151617,9.115930794318219,633.2898950106774,30.461981330194273,2.0,0
74.84233992258446,279.18508390096656,13.322190249526626,811.014578911768,38.31622041848949,5.0,0
50.543107798079035,183.72180841817172,11.559984018694248,715.2843258840594,28.380036551910788,4.0,0
48.19379990964207,180.75532582181452,8.832388031616716,721.5445871247127,35.72147658163695,4.0,0
49.84919606277415,186.5853443919804,8.84356925981895,667.5894295288068,31.772109402273028,3.0,0
86.73118884929451,182.85986812159268,15.112023893858352,787.9756195099035,35.65101222884321,3.0,0
70.22689972831623,195.7339402208509,6.222331658619725,671.2239199309647,37.515652666777804,4.0,0
62.791532193252365,222.55637421245572,10.30684166762254,770.5657440166244,31.183860455699172,4.0,0
50.2053682031951,198.62595295032924,7.407673939157521,656.3708112562051,36.863092226505884,3.0,0
52.89264371642705,149.92902165564092,8.507610387421478,724.9749306400213,31.457503145982404,3.0,0
19.260220339029857,210.82915482927626,14.35888573195594,627.3299979434237,37.53218907021315,5.0,0
31.134727946133495,178.88763913834438,13.151004483544941,712.2238077136067,29.625101891690164,3.0,0
58.52225442625905,194.34884004774898,7.860760774908049,673.1374021821538,45.62869983462654,5.0,0
53.101904079226344,142.8561662511772,11.339024149743949,726.0476639860258,34.34253539787305,2.0,0
63.16726835743659,176.60347866251973,13.421549582827623,670.0363352750634,34.01147829014181,1.0,0
33.63220869298199,232.6647122551572,12.183007417786861,680.9197091333704,33.43864302098974,3.0,0
75.4427765153115,180.90986581388498,11.547981803687655,692.8867332066748,31.82878544611638,2.0,0
78.8987492301862,116.85378257258606,12.798073040852,794.4554681530994,36.03859984534185,3.0,0
62.6874365431527,230.8120561972358,8.96793701911379,749.6616282413796,33.14072291309114,4.0,0
52.3798715666059,173.52993087026456,12.538834612213044,713.5832027772028,38.207461607106794,3.0,0
67.25230554279585,130.8602182713212,8.472435672612425,698.6762764099982,38.230579988136256,4.0,0
89.68966741147769,108.95878838533488,14.072590405324338,740.1289623250655,29.941917415040834,3.0,0
67.51447258603218,184.92615449564465,14.274715614246961,652.1842772154409,41.00260792079304,4.0,0
65.54909893910589,213.42385090700932,6.123973915516348,700.6174494403193,30.540630687014737,4.0,0
65.89858276591494,161.97624597374846,8.482978859415148,705.0957585763872,35.187363756614,5.0,0
44.02803275330682,208.34339728611494,6.957836630994664,740.530483670472,32.581922748470525,4.0,0
68.6918056052129,149.0701063599484,15.164443020870008,759.5672592967127,37.28969432424105,3.0,0
30.504145332428426,178.66075543679506,6.792998311488898,676.9235138243536,35.9174585114771,1.0,0
41.41123767743581,172.10863754332945,10.638867052622935,728.1485990419163,32.62156819963067,2.0,0
34.17871124677441,201.3342217510472,14.056991574466458,615.6031179533729,29.114399196498113,2.0,0
64.0645396673118,173.61818374149718,13.176120732307405,718.061220570082,35.43911226600281,4.0,0
32.68657262483775,150.93083693238518,8.752475629664842,668.5224901170651,35.45823503852667,4.0,0
53.22430897375675,235.94626880495514,7.946388834272112,786.6906845857088,44.02041779362911,3.0,0
87.37095079345997,177.29295888066156,8.901849899477588,779.6440452133289,38.681467578368675,2.0,0
48.53996747187573,210.45854949380964,12.61114605558919,621.939957880176,33.94886497272768,5.0,0
52.62345537912524,231.39516441036335,15.584208836444324,707.1435634679044,33.55553217465214,4.0,0
25.04392629047294,225.86741884674987,12.26070667364122,705.6719424470883,33.61358664215142,3.0,0
64.22425637420965,215.71405219326945,14.174533027562964,768.831958335616,37.822218408092695,3.0,0
56.231271020359564,204.50181801910696,10.32050603142378,745.3887649327711,34.978544599858644,4.0,0
37.68368955100006,159.49156634845252,7.465387858964357,678.2147707730294,41.23781753089469,2.0,0
50.91229037715658,208.70725985404178,8.808979249157469,746.9792658572346,38.88493076754511,4.0,0
47.831667278663936,216.3620923290155,8.179856361766218,650.3737253800275,33.398171769933676,2.0,0
71.33324292735166,114.81950273243457,11.808448990929069,745.2021138562982,40.29335344510784,2.0,0
92.03698701156677,247.22844095405407,10.800707448987728,780.8040604802713,26.63245465644183,3.0,0
65.11395991276821,181.67917364475664,12.884984219015358,726.2943965468739,29.56318485211835,3.0,0
65.22727362286801,239.186468747191,11.750677241793094,709.2582995808491,39.16758077864912,4.0,0
50.930533970075174,237.40005460048255,11.53070505466244,734.2681301557603,40.796264279118326,3.0,0
75.48907261048322,161.43478106944733,9.283772124802237,811.182076191868,32.72663073287134,2.0,0
68.85104803336361,192.21997969222537,6.274455590247447,736.2475045541323,31.782408391527788,3.0,0
103.52396759092856,106.9020114697644,9.870712779497051,750.3892194288513,30.379963627941777,3.0,0
67.39222200246697,295.14495734188523,9.707501271634529,732.572710781122,38.05270332454903,2.0,0
61.08670433262435,161.56583535321494,6.935658784262487,728.2514728037785,34.774766836342984,5.0,0
94.31905181129943,216.7814367202632,4.210253115973934,785.0268231577401,31.870830804167806,2.0,0
60.49830226216244,195.713110628966,11.036344095265845,702.5487652296542,30.365117685804623,3.0,0
50.795277595278456,200.0062734389318,13.13154164967089,738.6317983064822,27.03725773396055,3.0,0
81.62155891720379,130.79183986307487,9.746253714941695,779.1210921539205,35.359398223965684,2.0,0
80.06147948624451,220.6329829832694,7.905961421003832,678.1236680887058,30.44739090485258,4.0,0
56.439556170490086,218.39340517426024,11.525217245056114,773.8802011124735,42.766778694644486,3.0,0
57.541312015568906,205.2987342561674,11.801063406035164,718.6187005321125,43.31743714147973,3.0,0
70.73768063146227,187.84653323310076,11.24712611849056,778.5427501373554,39.43368825073817,3.0,0
67.74031008374317,145.55603386259435,3.3954846222701125,712.4482952688844,30.504323940759903,4.0,0
70.59379031410947,176.04280410055176,4.646995803580905,700.8888474662194,39.5313152124922,3.0,0
70.38462529469044,170.0362651972122,7.4426320523393015,731.9348737313869,35.11128155802732,3.0,0
80.7252132564246,190.7819512664038,12.671555678719463,777.9558402220466,37.08499723875557,1.0,0
72.44609897386327,253.35004729699511,14.349746918878372,770.4029842734241,30.061884554678436,3.0,0
35.66115409565825,238.42776441713372,8.933705997165518,780.1562363237633,36.42328160441811,3.0,0
34.15502274720985,152.19252409916726,12.68768099670797,707.0898533523573,28.65533504300466,4.0,0
68.4008418593777,198.14913370905015,7.786372196171165,838.6998572026442,36.678453687828906,5.0,0
62.32277462695516,225.84219182660718,9.56552988633884,681.143916446796,39.02334311897056,3.0,0
50.41696699694983,142.00157301688796,6.365918850230373,694.9219030906804,43.6057255955869,3.0,0
58.533200119686946,171.8665463580948,12.824950902990999,719.6348598095508,36.64598692949326,3.0,0
76.1988386484207,221.07335321119137,4.993872867169237,819.5255228511919,42.59881953763073,4.0,0
75.25276066813103,176.02305003932008,14.661774012980061,721.0984838200751,44.04738089787718,4.0,0
37.22078711478724,266.51072155557875,11.684909866816044,719.2048993889282,40.905738831556135,4.0,0
43.68260058121293,213.08996665107247,7.415400435509746,693.1223313284245,36.6738055606191,3.0,0
70.2673075646889,175.72955848598212,14.527765978353566,686.757339260627,35.81185834000491,2.0,0
72.44688835476161,124.0938716576409,12.91426079029784,724.3870627569052,36.73297854853407,4.0,0
42.374259740930185,167.76601814376315,10.264770191683212,698.5413571815992,43.31494285563106,2.0,0
49.48450061637067,166.43264320282964,8.179151252399263,712.4416175372389,25.944461673064552,2.0,0
74.11129236337541,190.95235609248329,13.28379554764567,827.3740510764484,32.43876582031753,2.0,0
40.12565262512956,168.26165535675395,9.34639253742109,615.7305791192094,30.607398285895727,4.0,0
77.91532573601653,110.61215236529122,15.779930712249651,731.6578916313355,34.66905112313089,1.0,0
62.261639053287965,189.13472735704514,11.791834105707867,727.6513655010929,43.64645919539659,3.0,0
49.91054340762907,147.78678867147207,11.744984985268703,727.6382268973617,28.342550372198758,2.0,0
66.72029522989808,193.19487835528147,13.837161423871487,783.3789560122224,40.34033956191617,3.0,0
96.13058199335865,6.812859333508129,9.59037259441902,689.086979436079,36.36371896209632,3.0,0
84.27828499633063,182.07835911990355,5.115891984967194,808.3897309702177,22.993563797726114,2.0,0
63.20530866164859,175.56344040491118,12.053857459610104,740.0487725943136,30.567389812132088,5.0,0
24.731835293683645,123.86700523376489,10.666761928503975,676.0287575331629,37.68925372218979,3.0,0
98.00970695699408,182.99947741407706,11.334878534859742,789.8853173513314,37.93026580829109,6.0,0
33.72053276399609,200.34167596706956,10.227404574129645,652.0806298141529,40.2227913022708,4.0,0
65.03531146606942,184.45335755635148,12.765829255071125,676.5816004036612,37.17158879487215,5.0,0
67.99477502037061,219.36224047501577,13.97953026529009,735.1878560097373,36.76750996170607,4.0,0
47.112581337029326,205.79997679436636,9.208340485739893,697.6937382916192,27.336519062467904,6.0,0
81.49968141722809,188.09633683588652,6.783373318844767,788.5288947898653,29.538852856264896,2.0,0
67.0236526099669,164.7337623055276,7.380298243367546,738.8905020509135,35.619099384004066,3.0,0
86.16797798273672,183.65216068990244,7.06721242742074,791.6298762210441,31.582687646801936,2.0,0
51.145889923811836,223.12380811873746,9.656559130961496,771.0823447337334,33.784285866271674,1.0,0
28.280317834014568,196.96061521707685,12.100325165839285,682.8667360371742,35.970594059403105,4.0,0
38.668681758012035,183.3934276608589,14.572772636474095,740.683510897986,35.50199228815682,3.0,0
67.98060532173619,196.11394318405618,10.263857609094499,710.505934844376,26.69893665100055,4.0,0
82.22956982731313,153.12553562820497,12.772385597638529,818.4329551317,37.239370644896404,5.0,0
23.531062112632377,204.05029899445123,12.129852577128704,717.7713950216792,41.75002779266734,3.0,0
41.05074265635312,209.61851254473063,6.54898655698425,762.7365379687119,36.71513788441761,4.0,0
53.614260096258604,206.84319234616868,12.08377541889394,782.866916031572,38.55419859338377,3.0,0
72.79023510653161,192.9323916578226,11.23325228453847,727.1368983226223,29.470457068550928,3.0,0
82.07089107137837,170.4234462496963,7.1097161608425425,841.4461728531045,28.323122456474536,3.0,0
43.868833303693236,206.41759573018496,8.776688696482287,666.9951615447276,35.12616124802041,5.0,0
24.502918792553984,231.35119014627705,9.35441328701614,713.597746698746,31.5104012850381,4.0,0
76.44064766119686,133.39456256086498,7.459589401370459,709.5139044049583,28.98458358574218,1.0,0
49.473281809614186,194.06600474441018,9.820535651956597,759.0333862905244,40.49360606207744,3.0,0
83.5328535101733,144.97871045189297,11.052577317594563,708.6120883844712,29.068039867477264,2.0,0
89.83076945898519,221.21519535118134,5.515832476434886,782.3059079022414,30.938014590659737,2.0,0
33.479859351414774,190.0975148302717,8.182990157833359,625.8220147663596,38.77835970529792,3.0,0
65.56353075444336,126.84648177777714,9.34062466920253,647.6228502819953,36.371427950625346,2.0,0
33.373290769265424,161.85166036192712,8.66682865067651,719.0159150960072,31.983437345577098,3.0,0
47.297254751227214,220.57738545041514,7.2467020219562555,693.8085825563134,32.27680020379903,5.0,0
62.414171650715765,174.0131865491092,10.217788542740962,720.9687679288313,44.96902190040927,2.0,0
67.09961390534438,121.82955354041232,12.759129782045502,692.2325947347033,38.479197584132116,1.0,0
30.66121418764357,177.24418047787705,16.740647502087253,714.1324564861815,22.86179149578968,3.0,0
67.81753681232911,302.1360191458155,6.927753689516179,724.7959763441766,28.742326934826423,4.0,0
73.94423242284563,169.6772695911727,4.611534339123724,764.7303133209987,27.770253462313335,3.0,0
41.917319798818696,223.45501146074673,11.706781406089359,724.6712223932188,32.07820115873411,3.0,0
36.3392104972706,213.0205890016572,10.772083327310792,710.2866823536979,32.55720608125878,3.0,0
85.06873825929773,139.96694186436463,8.122739761914175,733.0865949589564,35.76624459834935,4.0,0
22.03677635233143,201.87005511385627,6.628672290964157,656.9060441307781,29.08565126909572,3.0,0
70.11820249508048,166.99378350423663,14.626698961813503,704.6729823046596,31.803505307919313,3.0,0
75.43568466849018,238.85751196613793,6.696288617701951,713.6626852855583,25.536306578690485,2.0,0
59.01096678794676,194.5183836468544,10.134568377663944,741.8657434015299,43.293185429417285,1.0,0
5.0,189.12017216678936,8.827111142149938,644.9646503375923,37.31567010516673,2.0,0
89.27420913150252,103.27342542478658,10.084078083978062,717.882643870569,35.517260230878634,4.0,0
53.17076241342693,188.987984894565,7.860010253327538,610.0113027269844,29.030181382478126,4.0,0
105.49813453702521,176.90205075894514,11.541300789863854,815.8533734398341,30.69133482245512,4.0,0
67.3603521088642,207.76932573148272,10.800001440295851,738.4025943961478,34.246887230054455,2.0,0
83.0457984187113,113.73469159751157,11.19966393180019,690.2141665486223,28.88505144021023,3.0,0
86.14258760913755,167.68813660363392,9.078047954052858,783.5442550520102,38.674001697716115,3.0,0
51.777344471368,142.2177177010368,10.861247171633655,707.6326001235508,24.859556887324366,4.0,0
8.458599497876598,186.34576544411368,13.093934732744263,602.4952555863784,22.271652739681556,2.0,0
34.280056578115826,189.40793520492042,8.32715952731251,677.529640826865,34.71659628734465,6.0,0
53.3618137577898,265.9415049624647,6.971479512924491,751.6540311760436,33.4319149560146,2.0,0
41.69514631572438,204.65248287569926,13.93455064942507,716.7129955707242,29.938663485877278,3.0,0
49.606545142662725,148.9656604229309,5.501187802407986,663.5788385890274,33.13581099835827,3.0,0
57.80308350985983,174.2212470937145,5.5089186746194025,719.0175736898054,31.71800086862391,2.0,0
61.67884683927822,155.89973158922916,9.912335238020054,691.9408515527333,42.922757208878025,5.0,0
58.6897387207787,155.83044065693838,10.049942796260737,667.0038984765872,31.48378210224104,3.0,0
97.94934196710386,195.0407843212949,8.123622970509507,807.6174580900833,31.090892234298007,3.0,0
67.9401534735946,140.56983427193774,5.838829135880567,739.006668584786,43.1195583782145,4.0,0
88.72363044346588,189.94290109826417,11.929512615863363,804.5482264299895,39.38386966981364,1.0,0
85.05494486355715,194.22521546090258,7.618604083079028,824.1758250862366,32.727802785811406,6.0,0
32.21482830472458,175.34858779935468,12.605641820864765,715.2802177564788,37.77702057622521,3.0,0
22.455378459355273,278.74086151080047,10.001329735343615,766.577147778473,39.63472835641615,5.0,0
48.8357880352846,152.24217025809224,8.543371997899811,692.7281087265285,46.80421579091234,4.0,0
30.587456682872347,193.64345345522992,6.5310216691079415,676.3036525948527,44.506624760665574,3.0,0
51.700524342892955,234.70423439749078,10.567556762372725,642.3889181691407,35.55330148562182,4.0,0
74.74914145926623,171.91822199381937,7.603582351852588,661.346294022038,30.98454298022886,4.0,0
76.52129823337776,132.62663484582754,6.412397083067429,763.2302145846394,35.13127032618378,4.0,0
36.39268641784305,269.9615789428026,15.023486788608672,652.6006671016721,38.77348211744686,4.0,0
69.31562943664565,157.07001972047507,12.993178621453422,771.3352967112542,33.6519713191126,4.0,0
38.56175206338135,159.88264825718005,4.7736069520518605,698.7420568102389,42.50806376186422,4.0,0
37.28648229826433,230.57427521136682,4.681213754945758,707.2876398691724,38.2546221311821,4.0,0
62.20045547004845,178.245660103294,9.07476800419341,702.0081606344622,40.99602036484471,3.0,0
76.17492526387882,152.67139944667014,13.516769346244121,717.570724886062,38.701667113626215,3.0,0
61.02394644238793,161.6878145131694,5.507576443832572,779.1677440627243,34.66225816341802,5.0,0
63.32140220037446,168.05356343564458,13.681181649220092,734.9397971200433,31.592718543865796,4.0,0
84.90996310979357,149.30897152086334,8.304764227561856,732.1050738509059,41.96351961795643,4.0,0
63.96937188164556,195.804855825057,14.586770111709955,808.1528059796958,37.50146913079373,4.0,0
87.28967184113016,187.8712598324631,10.496476760979203,789.8053754530296,34.74670839122038,2.0,0
63.820796887908315,168.92529611523483,6.537583897293333,722.4810752725795,35.561840209596035,3.0,0
49.572454149907934,184.47159221390507,13.514453498232147,698.4259272628337,45.30995109448529,3.0,0
88.71799982349002,204.2943865042573,10.335124718966526,793.4632939157389,32.80471847304495,2.0,0
55.6110143398956,142.30558842198394,12.605095594986707,697.3800192296385,32.93079274567314,2.0,0
40.952190502277844,221.5121267986459,12.451489854940954,705.2270696764498,34.65358631989857,3.0,0
37.7233820376553,236.2529586444843,7.878781910077891,702.7302927634223,38.79638902999746,4.0,0
43.213548967737125,112.8947927286615,6.3112964960654265,653.4339345514808,30.508494082353128,2.0,0
67.89927296725453,235.9261512494765,10.133632898398707,678.7203897395293,30.168329788539594,1.0,0
27.521686019431314,169.4044704397553,8.89019093174489,649.6518153615618,41.88092528596851,3.0,0
30.159968564982066,203.92298864864523,9.063894115082105,715.7899781082946,41.94281854462598,2.0,0
86.1029083356947,161.18439910199123,13.78441851559966,790.5498842660706,26.05657891148946,4.0,0
66.29424086669746,126.51000591353616,10.752380290683671,679.7192486713643,26.12154320839591,2.0,0
66.76855513555866,249.62819356783172,8.93848300129497,758.769499486245,35.778110860989585,3.0,0
58.394071309152416,129.8091297391161,2.534320991964199,713.6087990659902,41.86447769439613,2.0,0
50.7731893387539,228.55276359709234,9.052201018052974,640.854923835804,28.923470458896343,4.0,0
108.95598997368648,131.5064959728357,4.488336984754947,816.4231999729595,41.88040391135753,4.0,0
28.198879443074134,173.61112714447557,9.637779803008252,660.2028228675207,44.70732407145816,3.0,0
78.02854461976887,148.2964598704852,13.206275793248796,747.0336685210916,29.032559065491682,2.0,0
41.16795461268961,146.71070372780417,6.004820606625684,749.3856454742374,34.85433285450892,4.0,0
59.02376517783357,196.26369869303014,13.701734101027608,717.9949283747678,32.55334447129807,3.0,0
33.02170456262305,217.6855559025231,12.614599212609171,684.250341065993,39.6121013169298,3.0,0
72.39526741644592,161.96486931985723,9.073427899577991,677.853265782698,39.42303973271018,1.0,0
68.74117237725635,213.53365472178086,9.657528232665788,841.7473181737242,32.30027425306899,3.0,0
43.52394709258607,246.56905736655887,8.647034464130327,677.7730416043446,40.733178749154824,2.0,0
77.1089903679704,218.30941415717385,7.814704398852895,790.3317845265542,31.94718802051493,2.0,0
76.18359879974061,153.9347356481623,4.467643951371889,713.4245149622885,34.550505909140455,4.0,0
87.80785509357914,204.00049029605256,7.62366908657171,847.9043258683002,39.931864085467424,5.0,0
49.83717375377084,199.84322843591622,9.406021047646178,711.847012019246,34.193768826715,3.0,0
61.809409397111786,206.41062799557676,11.136968233352029,753.7544376546847,47.278622050448966,3.0,0
63.654086701871414,97.61111691226837,7.7700457083291,697.0246412397097,34.38839474098333,5.0,0
77.50363768556073,155.13851257690933,14.565191158732675,714.9569128218402,33.13529614565736,3.0,0
23.885374458285945,239.78447266256651,8.89521040330407,685.6893474453819,31.69233443274326,3.0,0
70.205750280928,205.65855868223602,8.566276683074758,698.7654688439922,40.08735033441902,1.0,0
53.550545781516135,212.30036135453676,10.444041695410881,578.3018256529153,32.206820788833326,3.0,0
55.65349391394007,129.46348300805843,11.019916860429497,742.2825236890424,27.008183528007038,3.0,0
76.2931755590059,162.02552386765626,12.662461372966247,702.0083247571296,31.60096834625827,3.0,0
97.53857827733758,86.66400991889587,10.6469075922682,748.8925577856553,28.681469855468038,1.0,0
86.70468355717242,125.23686695813768,14.708402172601076,790.7432578898988,31.87448262871875,3.0,0
51.49689001112564,206.43335729180717,7.052320749658008,652.2003082116471,33.30530911373019,2.0,0
75.71246986322639,191.1383459873493,11.922628424653317,722.6845233706953,31.79955542652357,3.0,0
61.80509605216893,221.91456491753354,8.333121798658931,683.874845374613,37.979706931593164,2.0,0
77.63773572191683,152.95327550802676,15.089312775931853,709.341689029237,39.69891827254239,3.0,0
40.487754799631716,254.5757485098127,10.409844037035086,646.7601218072816,34.74859686159805,3.0,0
62.629763175215245,154.71953841294777,12.153104800500747,600.0986710855067,41.48910054224315,4.0,0
31.15867310070037,235.71380587942718,16.007318677319354,755.0208800101027,33.31869796079005,5.0,0
12.957032385381183,189.35649826271026,5.66430197044644,672.4841244464761,38.70273828054155,4.0,0
33.34590820020158,216.89203907221537,12.887468639299316,662.650613755667,29.876089411865358,2.0,0
77.596516177984,157.12757076501845,9.161534234326512,743.0407019976656,36.26122319911199,4.0,0
46.571289600337124,241.47616812785293,6.555024522196846,679.3956411490981,28.58519490443329,3.0,0
81.406054303355,140.60216438667558,10.80076150226752,712.4227573172711,37.38110142347768,2.0,0
66.43390928403076,174.47983977101308,9.872473182269273,712.3197553205806,33.35099639043384,4.0,0
78.75963898753243,133.784885178079,12.758982116986854,661.1868874312754,33.22480850332286,4.0,0
81.74764809082512,105.22817749483686,16.061214902207187,710.9909574090618,46.853678161406435,3.0,0
67.09630940604886,170.8527272648379,5.864363211782544,692.9107389693696,37.71936375928619,1.0,0
62.500108621867206,86.95648220075702,9.440635986668134,765.5838855590148,36.85485247665505,4.0,0
38.15029596311054,207.60876614232322,14.11532715852131,644.6382085705416,29.799691157927136,4.0,0
22.91021242501425,212.38227799318946,5.798183275255468,773.4123969634505,37.29527785221391,2.0,0
112.71580252551777,146.24596746715827,14.236687270780589,773.3194247051955,29.105726359470285,3.0,0
64.74726673676824,264.4196467671963,14.46253790634826,782.7350005176481,35.97723194864718,3.0,0
77.64528304579937,161.27350945566153,11.40160301420195,777.0024660181431,28.169009587165796,4.0,0
82.1305112632029,205.87289852399118,12.841117967341859,710.4930090281555,31.191951793192327,1.0,0
65.78015253062146,229.4537467357868,11.07268269189522,702.7470965155348,25.054109412637608,4.0,0
73.7947011124572,214.32535195797126,12.359957107641637,750.4689067268124,34.311903682828216,3.0,0
49.210847798712535,182.98325466395463,8.001538780871996,677.0994330688267,28.402799875761733,4.0,0
79.02047767751867,180.11655984951489,7.980917853216364,774.632490823124,47.15201125930295,3.0,0
62.62618831945866,173.6220849869273,12.367118972576023,719.4510288035577,35.01985167857235,3.0,0
75.73658014735989,176.27142070611197,10.366715189819628,654.4830551652191,39.64720995036246,3.0,0
84.4270674925312,168.98718833051296,5.904736896361886,739.6628467736545,41.47592005992054,4.0,0
63.92621656313257,156.6277067969892,10.804492872621555,695.8661231458632,31.60559648136328,4.0,0
83.55554407492204,143.4843304772012,9.297660340335435,759.4467928282368,31.647571546440812,4.0,0
63.88683407164715,177.58817453496303,12.201594400115827,741.7937069471478,36.66798601527184,4.0,0
35.18706549520992,173.13935136565198,6.621395927095521,648.8570017574388,34.33097337812133,3.0,0
67.32580930387216,170.34915472907468,10.237931242492875,695.2122239849975,31.808491319050937,2.0,0
58.238643314706266,165.47101638875634,6.369732870903648,631.0176900120811,31.88547709912453,3.0,0
57.41970110704871,143.3229661735039,10.8136187402568,629.2207719920211,33.93555791872441,3.0,0
54.976874500418695,197.146858812743,10.6835287422252,810.1724885428134,28.335482162835845,2.0,0
40.76172285232961,182.45913129054316,15.32594078632634,706.498837564083,32.13498980508303,4.0,0
38.86652944124873,180.9531708314373,4.165014546467247,634.5972807965742,33.2519761537287,3.0,0
99.95191664012337,188.01737194100053,12.35580098479985,762.8258259992542,27.467253729430027,3.0,0
77.22081944283137,165.1389470875862,12.040067651400303,766.5950945153007,38.6844715753663,4.0,0
58.24363574852896,132.80900681380965,10.09217771075999,711.3776585927367,41.28980883079973,4.0,0
100.91230436822518,164.39707636447804,15.669003860050346,816.2689748892058,34.44398855596146,0.0,0
81.74012466744881,173.7919178655496,15.080035343587795,715.2728142948155,38.138199531783016,1.0,0
40.87997474325694,171.77299323605723,7.066687117618274,708.0234975863445,37.40643368866726,2.0,0
84.85562027137168,170.2493357987627,13.131125952521206,664.333495073715,28.789390208850016,2.0,0
72.29416277983964,206.80131186333395,12.74778676258996,759.8919244519179,34.57661403857812,2.0,0
44.39323012855104,171.64094201049437,9.906831631423413,675.27517939423,26.57711895146464,2.0,0
71.41215408518877,174.98809908276075,8.21792144907904,766.590089592553,31.741788563828287,2.0,0
58.405577574739794,160.36449120599033,11.232573172485331,658.6019402397866,45.795986663674114,4.0,0
87.24063417000332,204.5953578229542,12.396330431681653,715.7723648457535,37.31569011107308,3.0,0
26.72016545122223,233.37759142217735,8.014488265830915,687.8756169077761,29.217821311894113,5.0,0
40.408139301647736,206.37841074434976,11.496574853826152,716.3946865944464,36.922039096286674,4.0,0
62.53678221556706,206.93211506125675,10.51285943673377,723.1614751794175,28.18412340664414,1.0,0
39.86183777207619,185.71374854500942,10.19937379646732,697.1105389630543,43.788618086409976,3.0,0
67.34546292743211,225.232348042551,10.183324568325775,804.8230284173218,45.32595643708761,4.0,0
79.22013719282064,108.49116917296257,10.999195245157884,740.0036532822227,35.27818969243434,4.0,0
74.52188034917637,187.48258309929503,9.64548430045718,719.6956087398373,29.28495563709277,4.0,0
48.04970817427313,174.09525815031512,11.882282857472376,708.6175228522686,36.338538533429755,3.0,0
58.393000442147795,191.58622643094344,11.236811330974742,664.0448792258886,34.93480675873763,3.0,0
93.20929251407728,147.5031813936252,8.105535556220348,786.0760779725349,41.543196695445516,4.0,0
17.827530687688075,239.64136918416068,12.988575912775662,594.3626255372022,33.881215641462035,4.0,0
29.618026708206276,124.96833574864614,10.812935985876713,650.3857330164452,37.62051184212902,4.0,0
49.24870967556352,148.537021763885,5.298585069484034,742.3108126185105,40.97108343709125,4.0,0
64.57263597746741,226.12116345422663,9.249307510320268,776.849989160377,38.90349015356718,1.0,0
45.780852689567,365.7869801932779,6.139071424847154,443.0373902662118,67.02859439333226,10.0,1
55.16499022213868,602.5141781089682,0.56778699761366,521.7124074445268,76.80517177799348,3.0,1
36.14313793566732,522.2933024610973,5.581660980579723,501.34880656725164,33.19222222780716,4.0,1
63.0493132758998,350.72486017111373,10.411175603044597,429.9535290753677,59.736561084893225,7.0,1
52.12911067015021,371.8127628066768,5.71727813995858,382.86963437737757,63.5719715533733,6.0,1
13.206693007417158,384.75357501006386,9.696006136024922,427.8111711344441,78.35563276470046,2.0,1
48.36698057725802,442.04948956872147,0.0,540.1662015803144,71.2823120382113,6.0,1
73.78741894975681,514.5988066922442,8.08390923838343,489.98643834188715,67.9071342717749,6.0,1
9.75178906026257,337.2697356844517,4.419231948853437,449.82424440984687,51.4558964598191,5.0,1
66.15408479988281,511.3300921326239,4.1620503883907825,413.6836364400911,49.417842682283336,8.0,1
9.798257583356804,390.06933047989077,5.330850181860504,393.40954192511884,72.49925816266384,4.0,1
30.127005851056175,505.480597580863,1.7603409840397832,474.6672489703188,68.98870904268995,7.0,1
36.00513153826213,496.3518113688376,1.6040026746079716,541.9326117779425,64.380203773183,10.0,1
5.0,500.7430491921066,0.0,484.4963335329093,44.409752195054665,3.0,1
5.0,324.9727975938146,9.04794682006712,381.96734582032076,57.8124880368212,7.0,1
78.36732421563644,442.20839984125826,3.6773506039934993,419.68462173306153,59.72432744066019,8.0,1
81.5279010886847,553.5592066036957,1.2870560780294298,480.17433193275485,55.75491978225967,1.0,1
46.319291303447386,579.5825546445313,3.7426995547819493,405.70676465728616,56.88139149856128,6.0,1
62.894987109947884,483.97168270052606,0.47029666441322915,551.1473190250839,55.211187404392106,4.0,1
33.47822863048718,399.12844191657837,2.0663037847713017,459.6295053302523,44.88411049787898,8.0,1
5.0,524.298520334437,0.8449103406237612,489.03561036947815,47.64267290077149,7.0,1
55.30105906385639,575.6073741846252,11.945464133612319,488.3868289813708,47.29332708771675,8.0,1
42.22343788133101,565.1361312191542,1.6346072660712725,468.3237092383647,57.30194521230127,9.0,1
19.187573413963026,521.9132570926122,3.5165275799181854,501.5230966117796,68.20773295789158,8.0,1
63.47790194233357,341.64150437163636,5.823611633463896,364.58074479247944,55.44867383155736,6.0,1
62.855666880555106,521.6530863176897,0.9906205224650568,493.60493902569885,48.67188198365561,5.0,1
14.008050854119587,448.1225616949595,7.861746768021469,344.689148354347,60.882531989925205,5.0,1
79.49770696038905,580.3158480935554,4.122599391417821,483.4566678122586,46.450712706817285,9.0,1
19.677472570771275,436.3483980546551,4.127613599653267,374.15903190639506,93.0555950914787,7.0,1
20.552734189628723,379.0512635358813,2.3621724971837295,378.0754073039539,47.620698960474286,9.0,1
94.40880807995637,386.82463117221545,0.0,458.2680314191394,72.28693006201085,10.0,1
30.798610400278648,420.5705274526529,6.052831200454378,391.3930230905041,41.680812824353595,8.0,1
41.73388161549613,452.9887453833662,0.0,543.9958953694062,40.910040811420345,7.0,1
66.85041787362124,483.2677651424946,0.0,523.2470500595358,79.08894645452085,5.0,1
41.00110460329813,492.97040093325836,11.871235882213252,382.6931746648452,51.25236060756492,8.0,1
49.49122836181127,445.6904081644103,0.0,502.5868383117783,64.99005244716537,5.0,1
56.77464868825889,417.53185001294815,3.0238692270711085,538.0935728216958,52.731181819579845,6.0,1
53.83090065903853,535.2028450134562,1.9728491352684583,470.6601070564698,65.28888473149274,8.0,1
12.700150816569902,436.3680017475025,3.062256721645305,317.4646787739379,50.991516873967186,8.0,1
101.8876874272375,585.5868367772158,5.641426607155585,441.44060954753064,49.27888030495077,9.0,1
73.5096792663544,377.34734854569206,0.0,371.59228780241665,28.209538814125043,5.0,1
34.53182894596622,351.1171765755834,6.582289781673497,482.9096366463696,57.3865106633992,4.0,1
16.43716119362027,375.5809752945846,3.7079774623193424,350.24999569332135,55.61124635753451,6.0,1
63.19250893395058,399.32430187742364,9.157844788471508,525.5778702883188,54.74461886784119,7.0,1
76.46247368199437,512.8279529702975,11.609081406674175,403.56810747032614,67.83554764345146,5.0,1
36.34937984578991,427.5603088132355,5.694850001435632,478.3782028485739,62.45344682078394,7.0,1
14.004763005414505,372.425994015451,3.433335055166831,480.3620196958876,63.21078045998,8.0,1
8.738206296940188,446.91727136708136,6.1119976616390765,547.7404202416435,57.5909052564383,10.0,1
22.541468766104536,435.8790835671599,12.387853604955687,504.28509885544565,57.37205701072202,6.0,1
39.874721162076,432.303206997901,4.741083708648023,506.52832140285756,52.1752846747927,7.0,1
15.308066373309124,364.81180564110497,0.0,553.9769513788091,50.90072324353252,8.0,1
11.405558154302206,420.2856435738931,6.650729513616607,452.3077375452421,66.45264777401731,11.0,1
49.63724898770697,602.7080126581187,7.643537807763018,409.12355177173845,61.52064742196662,10.0,1
20.9697966884505,412.46153845087844,5.278791142006397,354.6181027378459,51.45852621679165,7.0,1
23.910809528572784,412.26434432931023,5.979924465308617,413.3484860741529,77.33296185909322,8.0,1
18.284569834179702,510.2693768537026,0.0,479.35209534672674,53.48960339408437,8.0,1
5.0,411.9667131053252,6.013054789602293,454.79635502747755,46.69991604380809,6.0,1
6.281090276873403,389.7871907317413,6.428520829687165,411.75019515799386,57.19869467271395,7.0,1
42.91141431968546,490.84457865228393,3.000241470018195,415.0623375037015,52.98603563362977,8.0,1
5.0,428.2467530141771,4.414538355018986,453.93021160919824,67.55372526529288,10.0,1
52.82200029203669,551.0202747133847,7.978762730865693,375.9845321732687,55.59716435934278,9.0,1
61.36333636804932,518.5512415996468,4.287951271472294,368.3427630045911,45.77337157069301,7.0,1
53.81120595910372,557.6081986338976,1.6448264701658868,498.5525969967618,51.84596822332372,8.0,1
57.747511158079476,412.60552530931517,0.0,332.63761649088553,54.87387773563571,9.0,1
5.0,475.68378463445083,6.015624213697824,509.26556402709497,52.3741141176326,10.0,1
5.0,541.8760672803292,1.1143429959892863,414.4625340367812,73.72630279948532,6.0,1
11.815209132883513,449.62418098526445,3.1211885669482453,463.20343390178755,42.28337034617374,10.0,1
25.59298314044106,361.2646805914302,9.390382341216029,530.9953023967335,53.42509438279424,9.0,1
5.0,524.8741690120203,10.467165352238162,635.0046745252724,53.83229744688399,5.0,1
13.856657523543284,487.7514192363485,6.640156661810524,531.371760784916,62.680522647585526,5.0,1
48.32838017310865,400.3627322923081,0.0,380.75826246265325,48.47152601825543,5.0,1
29.58342967275666,424.9661256283741,8.270177186572592,478.0951193580766,64.74371679769479,7.0,1
8.874301832808097,464.3744428993736,11.022045068968032,424.52196379470706,58.702339222054434,8.0,1
5.0,402.73928330219815,1.4017954073235486,461.57752249800865,62.25470159275599,4.0,1
73.63957539269052,497.95617694005904,3.027364130713179,337.6681314392407,65.96872145890252,6.0,1
39.25394976606791,490.7686846127107,5.135389630293803,435.20502698878437,52.215725389135685,9.0,1
63.72048921990509,448.23507614399693,1.801474422738412,437.607288311761,57.6799126999089,9.0,1
22.73480535757998,428.075218770931,0.0,347.41838802899053,56.894220578934565,5.0,1
66.7361264052303,432.928083286704,0.0,376.98544777912593,45.92678887252943,4.0,1
27.620935356297288,358.451566876206,8.92324229960272,472.81617379400745,59.261365450453944,7.0,1
25.249391104235343,391.1769188223206,7.345008192371914,531.8860585461091,58.10792151217115,11.0,1
8.695741410175895,388.9352450366658,0.0,383.79771518873133,64.06564472231773,5.0,1
27.244059236812166,446.27031821123825,4.949439747425057,482.8544343562643,62.49041376538005,7.0,1
34.23838076304112,562.2941272316964,0.0,486.14105511671016,59.28723558560933,8.0,1
48.47474126728234,426.85705233490836,0.40053110536157366,406.3278371866748,51.07005872769152,6.0,1
39.54212796787534,439.7882587781217,8.143339174223978,498.44398372480555,65.3204111801857,8.0,1
56.197920915331224,445.8589288188356,8.01512872217866,542.031077262983,72.46609700153114,5.0,1
78.48488630741103,457.3839321006363,0.0,454.119393514364,63.85379450765628,6.0,1
38.14846255213389,384.8369221032117,3.199740509745009,389.5489463082397,47.2756326313074,5.0,1
40.64344213386207,527.6876323810438,8.640320595800546,309.22600056977353,60.223105453793174,10.0,1
22.017862267815374,413.55359422186166,2.999806961557882,605.9708316573754,57.1166707687081,5.0,1
37.638494482134014,502.5652716688591,8.49949383067209,395.9659300630489,48.39768801796033,5.0,1
5.0,492.21115930454914,6.5381321297821,353.6622239757272,66.85991949323838,6.0,1
32.32489611637532,377.97445513120005,7.019774857796101,548.7671470366806,45.8454677781583,6.0,1
13.922357748586169,478.4258603801387,8.092579581289742,448.36721782330716,47.08403865823912,6.0,1
37.47776706536741,503.7706492585801,7.136416631141486,479.3552730639844,54.99453513593247,6.0,1
62.73994937095484,559.6069152572496,4.815999030374281,538.5242892513945,54.71161690755484,5.0,1
54.06219831363608,466.19685426774237,5.367307109991528,438.9435562136936,65.67417701128295,6.0,1
15.650584999161767,453.01283718098927,3.0897493368782145,578.642026603043,55.16836114812902,5.0,1
22.443279776902536,411.43834859352637,9.001098032431397,473.9693764338319,71.4761313694332,6.0,1
